code_commune_INSEE,nom_commune_postal,code_postal,libelle_acheminement,ligne_5,latitude,longitude,code_commune,article,nom_commune,nom_commune_complet,code_departement,nom_departement,code_region,nom_region
31001,AGASSAC,31230,AGASSAC,,43.3720949705,0.885301441873,1,,Agassac,Agassac,31,Haute-Garonne,76,Occitanie
31002,AIGNES,31550,AIGNES,,43.3349232679,1.58645774821,2,,Aignes,Aignes,31,Haute-Garonne,76,Occitanie
31003,AIGREFEUILLE,31280,AIGREFEUILLE,,43.5693635882,1.58421445375,3,,Aigrefeuille,Aigrefeuille,31,Haute-Garonne,76,Occitanie
31004,AYGUESVIVES,31450,AYGUESVIVES,,43.4290243945,1.59439448927,4,,Ayguesvives,Ayguesvives,31,Haute-Garonne,76,Occitanie
31005,ALAN,31420,ALAN,,43.2200878042,0.927625726585,5,,Alan,Alan,31,Haute-Garonne,76,Occitanie
31006,ALBIAC,31460,ALBIAC,,43.5558012046,1.78268278702,6,,Albiac,Albiac,31,Haute-Garonne,76,Occitanie
31007,AMBAX,31230,AMBAX,,43.3680277125,0.937034657846,7,,Ambax,Ambax,31,Haute-Garonne,76,Occitanie
31008,ANAN,31230,ANAN,,43.3522518749,0.810075633308,8,,Anan,Anan,31,Haute-Garonne,76,Occitanie
31009,ANTICHAN DE FRONTIGNES,31510,ANTICHAN DE FRONTIGNES,,42.9696953465,0.676907980365,9,,Antichan-de-Frontignes,Antichan-de-Frontignes,31,Haute-Garonne,76,Occitanie
31010,ANTIGNAC,31110,ANTIGNAC,,42.8311657614,0.587701526157,10,,Antignac,Antignac,31,Haute-Garonne,76,Occitanie
31011,ARBAS,31160,ARBAS,,42.9925595052,0.905628547412,11,,Arbas,Arbas,31,Haute-Garonne,76,Occitanie
31012,ARBON,31160,ARBON,,43.000904094,0.731075064686,12,,Arbon,Arbon,31,Haute-Garonne,76,Occitanie
31013,ARDIEGE,31210,ARDIEGE,,43.0667699712,0.64401533309,13,,Ardiège,Ardiège,31,Haute-Garonne,76,Occitanie
31014,ARGUENOS,31160,ARGUENOS,,42.9592233941,0.72693971703,14,,Arguenos,Arguenos,31,Haute-Garonne,76,Occitanie
31015,ARGUT DESSOUS,31440,ARGUT DESSOUS,,42.8924379244,0.715516624447,15,,Argut-Dessous,Argut-Dessous,31,Haute-Garonne,76,Occitanie
31017,ARLOS,31440,ARLOS,,42.874241036,0.695211627437,17,,Arlos,Arlos,31,Haute-Garonne,76,Occitanie
31018,ARNAUD GUILHEM,31360,ARNAUD GUILHEM,,43.1465237831,0.899110471667,18,,Arnaud-Guilhem,Arnaud-Guilhem,31,Haute-Garonne,76,Occitanie
31019,ARTIGUE,31110,ARTIGUE,,42.8264001411,0.63971982942,19,,Artigue,Artigue,31,Haute-Garonne,76,Occitanie
31020,ASPET,31160,ASPET,,43.0114092218,0.805918611708,20,,Aspet,Aspet,31,Haute-Garonne,76,Occitanie
31021,ASPRET SARRAT,31800,ASPRET SARRAT,,43.0698319191,0.720036788419,21,,Aspret-Sarrat,Aspret-Sarrat,31,Haute-Garonne,76,Occitanie
31022,AUCAMVILLE,31140,AUCAMVILLE,,43.6713968117,1.42370910767,22,,Aucamville,Aucamville,31,Haute-Garonne,76,Occitanie
31023,AULON,31420,AULON,,43.190035341,0.813417936999,23,,Aulon,Aulon,31,Haute-Garonne,76,Occitanie
31024,AURAGNE,31190,AURAGNE,,43.3912857783,1.50909342818,24,,Auragne,Auragne,31,Haute-Garonne,76,Occitanie
31025,AUREVILLE,31320,AUREVILLE,,43.4804161473,1.45712269625,25,,Aureville,Aureville,31,Haute-Garonne,76,Occitanie
31026,AURIAC SUR VENDINELLE,31460,AURIAC SUR VENDINELLE,,43.519408834,1.82440314638,26,,Auriac-sur-Vendinelle,Auriac-sur-Vendinelle,31,Haute-Garonne,76,Occitanie
31027,AURIBAIL,31190,AURIBAIL,,43.3464885877,1.37524698634,27,,Auribail,Auribail,31,Haute-Garonne,76,Occitanie
31028,AURIGNAC,31420,AURIGNAC,,43.2137172821,0.871496161348,28,,Aurignac,Aurignac,31,Haute-Garonne,76,Occitanie
31029,AURIN,31570,AURIN,,43.5351953574,1.68120009719,29,,Aurin,Aurin,31,Haute-Garonne,76,Occitanie
31030,AUSSEING,31260,AUSSEING,,43.1540611652,1.03126801796,30,,Ausseing,Ausseing,31,Haute-Garonne,76,Occitanie
31031,AUSSON,31210,AUSSON,,43.0915876705,0.589975626665,31,,Ausson,Ausson,31,Haute-Garonne,76,Occitanie
31032,AUSSONNE,31840,AUSSONNE,,43.6836034494,1.32887054853,32,,Aussonne,Aussonne,31,Haute-Garonne,76,Occitanie
31033,AUTERIVE,31190,AUTERIVE,,43.3595991576,1.47742796554,33,,Auterive,Auterive,31,Haute-Garonne,76,Occitanie
31034,AUZAS,31360,AUZAS,,43.1744807427,0.894158891084,34,,Auzas,Auzas,31,Haute-Garonne,76,Occitanie
31035,AUZEVILLE TOLOSANE,31320,AUZEVILLE TOLOSANE,,43.5286122552,1.48721978973,35,,Auzeville-Tolosane,Auzeville-Tolosane,31,Haute-Garonne,76,Occitanie
31036,AUZIELLE,31650,AUZIELLE,,43.540140769,1.56831984014,36,,Auzielle,Auzielle,31,Haute-Garonne,76,Occitanie
31037,AVIGNONET LAURAGAIS,31290,AVIGNONET LAURAGAIS,,43.3769712959,1.77272704833,37,,Avignonet-Lauragais,Avignonet-Lauragais,31,Haute-Garonne,76,Occitanie
31038,AZAS,31380,AZAS,,43.7200477116,1.67437358788,38,,Azas,Azas,31,Haute-Garonne,76,Occitanie
31039,BACHAS,31420,BACHAS,,43.2487475475,0.941734227527,39,,Bachas,Bachas,31,Haute-Garonne,76,Occitanie
31040,BACHOS,31440,BACHOS,,42.8985486101,0.604716422837,40,,Bachos,Bachos,31,Haute-Garonne,76,Occitanie
31041,BAGIRY,31510,BAGIRY,,42.9798586112,0.624492350952,41,,Bagiry,Bagiry,31,Haute-Garonne,76,Occitanie
31042,BAGNERES DE LUCHON,31110,BAGNERES DE LUCHON,,42.736147731,0.626640395614,42,,Bagnères-de-Luchon,Bagnères-de-Luchon,31,Haute-Garonne,76,Occitanie
31043,BALESTA,31580,BALESTA,,43.2022153285,0.563416823751,43,,Balesta,Balesta,31,Haute-Garonne,76,Occitanie
31044,BALMA,31130,BALMA,,43.6115258731,1.50459138348,44,,Balma,Balma,31,Haute-Garonne,76,Occitanie
31045,BARBAZAN,31510,BARBAZAN,,43.0349167562,0.621843270665,45,,Barbazan,Barbazan,31,Haute-Garonne,76,Occitanie
31046,BAREN,31440,BAREN,,42.8676983193,0.634971126368,46,,Baren,Baren,31,Haute-Garonne,76,Occitanie
31047,BAX,31310,BAX,,43.2246503124,1.28820389123,47,,Bax,Bax,31,Haute-Garonne,76,Occitanie
31048,BAZIEGE,31450,BAZIEGE,,43.4622367436,1.62799581298,48,,Baziège,Baziège,31,Haute-Garonne,76,Occitanie
31049,BAZUS,31380,BAZUS,,43.7357441741,1.51960464279,49,,Bazus,Bazus,31,Haute-Garonne,76,Occitanie
31050,BEAUCHALOT,31360,BEAUCHALOT,,43.1144562142,0.869747129853,50,,Beauchalot,Beauchalot,31,Haute-Garonne,76,Occitanie
31051,BEAUFORT,31370,BEAUFORT,,43.4548618098,1.10650961074,51,,Beaufort,Beaufort,31,Haute-Garonne,76,Occitanie
31052,BEAUMONT SUR LEZE,31870,BEAUMONT SUR LEZE,,43.3798440302,1.35610208847,52,,Beaumont-sur-Lèze,Beaumont-sur-Lèze,31,Haute-Garonne,76,Occitanie
31053,BEAUPUY,31850,BEAUPUY,,43.6525825042,1.55869879525,53,,Beaupuy,Beaupuy,31,Haute-Garonne,76,Occitanie
31054,BEAUTEVILLE,31290,BEAUTEVILLE,,43.349128147,1.73283349188,54,,Beauteville,Beauteville,31,Haute-Garonne,76,Occitanie
31055,BEAUVILLE,31460,BEAUVILLE,,43.4675844934,1.7707274596,55,,Beauville,Beauville,31,Haute-Garonne,76,Occitanie
31056,BEAUZELLE,31700,BEAUZELLE,,43.667783714,1.37408906279,56,,Beauzelle,Beauzelle,31,Haute-Garonne,76,Occitanie
31057,BELBERAUD,31450,BELBERAUD,,43.5037794316,1.56972339327,57,,Belberaud,Belberaud,31,Haute-Garonne,76,Occitanie
31058,BELBEZE DE LAURAGAIS,31450,BELBEZE DE LAURAGAIS,,43.437002886,1.55679830955,58,,Belbèze-de-Lauragais,Belbèze-de-Lauragais,31,Haute-Garonne,76,Occitanie
31059,BELBEZE EN COMMINGES,31260,BELBEZE EN COMMINGES,,43.133868235,1.02965888187,59,,Belbèze-en-Comminges,Belbèze-en-Comminges,31,Haute-Garonne,76,Occitanie
31060,BELESTA EN LAURAGAIS,31540,BELESTA EN LAURAGAIS,,43.4395844562,1.83164556128,60,,Bélesta-en-Lauragais,Bélesta-en-Lauragais,31,Haute-Garonne,76,Occitanie
31061,BELLEGARDE STE MARIE,31530,BELLEGARDE STE MARIE,,43.6757290894,1.09962618337,61,,Bellegarde-Sainte-Marie,Bellegarde-Sainte-Marie,31,Haute-Garonne,76,Occitanie
31062,BELLESSERRE,31480,BELLESSERRE,,43.7873665231,1.10128941207,62,,Bellesserre,Bellesserre,31,Haute-Garonne,76,Occitanie
31063,BENQUE,31420,BENQUE,,43.2590244874,0.917904928606,63,,Benque,Benque,31,Haute-Garonne,76,Occitanie
31064,BENQUE DESSOUS ET DESSUS,31110,BENQUE DESSOUS ET DESSUS,,42.8204320616,0.541783667805,64,,Benque-Dessous-et-Dessus,Benque-Dessous-et-Dessus,31,Haute-Garonne,76,Occitanie
31065,BERAT,31370,BERAT,,43.377910708,1.17131231039,65,,Bérat,Bérat,31,Haute-Garonne,76,Occitanie
31066,BESSIERES,31660,BESSIERES,,43.796995756,1.58618244226,66,,Bessières,Bessières,31,Haute-Garonne,76,Occitanie
31067,BEZINS GARRAUX,31440,BEZINS GARRAUX,,42.9389029798,0.702058330112,67,,Bezins-Garraux,Bezins-Garraux,31,Haute-Garonne,76,Occitanie
31068,BILLIERE,31110,BILLIERE,,42.8163998268,0.528501869101,68,,Billière,Billière,31,Haute-Garonne,76,Occitanie
31069,BLAGNAC,31700,BLAGNAC,,43.6421867862,1.37886941086,69,,Blagnac,Blagnac,31,Haute-Garonne,76,Occitanie
31070,BLAJAN,31350,BLAJAN,,43.2538737528,0.647870154984,70,,Blajan,Blajan,31,Haute-Garonne,76,Occitanie
31071,BOIS DE LA PIERRE,31390,BOIS DE LA PIERRE,,43.3411967523,1.1619650342,71,,Bois-de-la-Pierre,Bois-de-la-Pierre,31,Haute-Garonne,76,Occitanie
31072,BOISSEDE,31230,BOISSEDE,,43.4071039513,0.826216857936,72,,Boissède,Boissède,31,Haute-Garonne,76,Occitanie
31073,BONDIGOUX,31340,BONDIGOUX,,43.8426819067,1.5434822211,73,,Bondigoux,Bondigoux,31,Haute-Garonne,76,Occitanie
31074,BONREPOS RIQUET,31590,BONREPOS RIQUET,,43.6764879436,1.62258710313,74,,Bonrepos-Riquet,Bonrepos-Riquet,31,Haute-Garonne,76,Occitanie
31075,BONREPOS SUR AUSSONNELLE,31470,BONREPOS SUR AUSSONNELLE,,43.5441107951,1.13701796182,75,,Bonrepos-sur-Aussonnelle,Bonrepos-sur-Aussonnelle,31,Haute-Garonne,76,Occitanie
31076,BORDES DE RIVIERE,31210,BORDES DE RIVIERE,,43.1236831368,0.634949755967,76,,Bordes-de-Rivière,Bordes-de-Rivière,31,Haute-Garonne,76,Occitanie
31077,LE BORN,31340,LE BORN,,43.8958696677,1.53902789526,77,Le,Born,Le Born,31,Haute-Garonne,76,Occitanie
31078,BOUDRAC,31580,BOUDRAC,,43.1873792108,0.517345335704,78,,Boudrac,Boudrac,31,Haute-Garonne,76,Occitanie
31079,BOULOC,31620,BOULOC,,43.7958003847,1.4191891401,79,,Bouloc,Bouloc,31,Haute-Garonne,76,Occitanie
31080,BOULOGNE SUR GESSE,31350,BOULOGNE SUR GESSE,,43.2904403081,0.650641474176,80,,Boulogne-sur-Gesse,Boulogne-sur-Gesse,31,Haute-Garonne,76,Occitanie
31081,BOURG D OUEIL,31110,BOURG D OUEIL,,42.8605605642,0.486883887759,81,,Bourg-d'Oueil,Bourg-d'Oueil,31,Haute-Garonne,76,Occitanie
31082,BOURG ST BERNARD,31570,BOURG ST BERNARD,,43.6062435509,1.69878224324,82,,Bourg-Saint-Bernard,Bourg-Saint-Bernard,31,Haute-Garonne,76,Occitanie
31083,BOUSSAN,31420,BOUSSAN,,43.2416263928,0.875149673224,83,,Boussan,Boussan,31,Haute-Garonne,76,Occitanie
31084,BOUSSENS,31360,BOUSSENS,,43.1763531912,0.960371645513,84,,Boussens,Boussens,31,Haute-Garonne,76,Occitanie
31085,BOUTX,31160,BOUTX,,42.9153786194,0.770355750474,85,,Boutx,Boutx,31,Haute-Garonne,76,Occitanie
31086,BOUZIN,31420,BOUZIN,,43.1908302921,0.883064615225,86,,Bouzin,Bouzin,31,Haute-Garonne,76,Occitanie
31087,BRAGAYRAC,31470,BRAGAYRAC,,43.4884997538,1.07003816483,87,,Bragayrac,Bragayrac,31,Haute-Garonne,76,Occitanie
31088,BRAX,31490,BRAX,,43.6156942044,1.23194886903,88,,Brax,Brax,31,Haute-Garonne,76,Occitanie
31089,BRETX,31530,BRETX,,43.7059673494,1.19620532147,89,,Bretx,Bretx,31,Haute-Garonne,76,Occitanie
31090,BRIGNEMONT,31480,BRIGNEMONT,,43.7692039824,0.998300952278,90,,Brignemont,Brignemont,31,Haute-Garonne,76,Occitanie
31091,BRUGUIERES,31150,BRUGUIERES,,43.7271508931,1.40915818124,91,,Bruguières,Bruguières,31,Haute-Garonne,76,Occitanie
31092,BURGALAYS,31440,BURGALAYS,,42.8843664785,0.636511847302,92,,Burgalays,Burgalays,31,Haute-Garonne,76,Occitanie
31093,LE BURGAUD,31330,LE BURGAUD,,43.7897007314,1.14613239704,93,Le,Burgaud,Le Burgaud,31,Haute-Garonne,76,Occitanie
31094,BUZET SUR TARN,31660,BUZET SUR TARN,,43.7685831064,1.61379658307,94,,Buzet-sur-Tarn,Buzet-sur-Tarn,31,Haute-Garonne,76,Occitanie
31095,CABANAC CAZAUX,31160,CABANAC CAZAUX,,43.0344383786,0.73986085522,95,,Cabanac-Cazaux,Cabanac-Cazaux,31,Haute-Garonne,76,Occitanie
31096,CABANAC SEGUENVILLE,31480,CABANAC SEGUENVILLE,,43.791486988,1.01984051649,96,,Cabanac-Séguenville,Cabanac-Séguenville,31,Haute-Garonne,76,Occitanie
31097,LE CABANIAL,31460,LE CABANIAL,,43.5220437405,1.86897842751,97,Le,Cabanial,Le Cabanial,31,Haute-Garonne,76,Occitanie
31098,CADOURS,31480,CADOURS,,43.7262666734,1.04672330873,98,,Cadours,Cadours,31,Haute-Garonne,76,Occitanie
31099,CAIGNAC,31560,CAIGNAC,,43.3198333866,1.70726784599,99,,Caignac,Caignac,31,Haute-Garonne,76,Occitanie
31100,CALMONT,31560,CALMONT,,43.2841584192,1.62632523244,100,,Calmont,Calmont,31,Haute-Garonne,76,Occitanie
31101,CAMBERNARD,31470,CAMBERNARD,,43.4619758547,1.17879278743,101,,Cambernard,Cambernard,31,Haute-Garonne,76,Occitanie
31102,CAMBIAC,31460,CAMBIAC,,43.4906846108,1.7895005846,102,,Cambiac,Cambiac,31,Haute-Garonne,76,Occitanie
31103,CANENS,31310,CANENS,,43.2165330138,1.33272050885,103,,Canens,Canens,31,Haute-Garonne,76,Occitanie
31104,CAPENS,31410,CAPENS,,43.3349294314,1.25981787784,104,,Capens,Capens,31,Haute-Garonne,76,Occitanie
31105,CARAGOUDES,31460,CARAGOUDES,,43.5007296473,1.71348658169,105,,Caragoudes,Caragoudes,31,Haute-Garonne,76,Occitanie
31106,CARAMAN,31460,CARAMAN,,43.5291002668,1.75296927178,106,,Caraman,Caraman,31,Haute-Garonne,76,Occitanie
31107,CARBONNE,31390,CARBONNE,,43.3014494679,1.21849966052,107,,Carbonne,Carbonne,31,Haute-Garonne,76,Occitanie
31108,CARDEILHAC,31350,CARDEILHAC,,43.1959659797,0.676356959979,108,,Cardeilhac,Cardeilhac,31,Haute-Garonne,76,Occitanie
31109,CASSAGNABERE TOURNAS,31420,CASSAGNABERE TOURNAS,,43.2311062604,0.799151440801,109,,Cassagnabère-Tournas,Cassagnabère-Tournas,31,Haute-Garonne,76,Occitanie
31110,CASSAGNE,31260,CASSAGNE,,43.1242700684,0.991401965489,110,,Cassagne,Cassagne,31,Haute-Garonne,76,Occitanie
31111,CASTAGNAC,31310,CASTAGNAC,,43.2357808923,1.34342211864,111,,Castagnac,Castagnac,31,Haute-Garonne,76,Occitanie
31112,CASTAGNEDE,31260,CASTAGNEDE,,43.051468722,0.977338440086,112,,Castagnède,Castagnède,31,Haute-Garonne,76,Occitanie
31113,CASTANET TOLOSAN,31320,CASTANET TOLOSAN,,43.5136166687,1.50383757047,113,,Castanet-Tolosan,Castanet-Tolosan,31,Haute-Garonne,76,Occitanie
31114,CASTELBIAGUE,31160,CASTELBIAGUE,,43.0356678546,0.927325532514,114,,Castelbiague,Castelbiague,31,Haute-Garonne,76,Occitanie
31115,CASTELGAILLARD,31230,CASTELGAILLARD,,43.352091246,0.901912825584,115,,Castelgaillard,Castelgaillard,31,Haute-Garonne,76,Occitanie
31116,CASTELGINEST,31780,CASTELGINEST,,43.6974132735,1.4355878363,116,,Castelginest,Castelginest,31,Haute-Garonne,76,Occitanie
31117,CASTELMAUROU,31180,CASTELMAUROU,,43.6845152261,1.53745049477,117,,Castelmaurou,Castelmaurou,31,Haute-Garonne,76,Occitanie
31118,CASTELNAU D ESTRETEFONDS,31620,CASTELNAU D ESTRETEFONDS,,43.7938485319,1.36164575228,118,,Castelnau-d'Estrétefonds,Castelnau-d'Estrétefonds,31,Haute-Garonne,76,Occitanie
31119,CASTELNAU PICAMPEAU,31430,CASTELNAU PICAMPEAU,,43.3086246303,1.01513029309,119,,Castelnau-Picampeau,Castelnau-Picampeau,31,Haute-Garonne,76,Occitanie
31120,LE CASTERA,31530,LE CASTERA,,43.6709769042,1.14478354083,120,Le,Castéra,Le Castéra,31,Haute-Garonne,76,Occitanie
31121,CASTERA VIGNOLES,31350,CASTERA VIGNOLES,,43.2764304672,0.782548294246,121,,Castéra-Vignoles,Castéra-Vignoles,31,Haute-Garonne,76,Occitanie
31122,CASTIES LABRANDE,31430,CASTIES LABRANDE,,43.3277537605,0.993442219827,122,,Casties-Labrande,Casties-Labrande,31,Haute-Garonne,76,Occitanie
31123,CASTILLON DE LARBOUST,31110,CASTILLON DE LARBOUST,,42.7401974688,0.557666969635,123,,Castillon-de-Larboust,Castillon-de-Larboust,31,Haute-Garonne,76,Occitanie
31124,CASTILLON DE ST MARTORY,31360,CASTILLON DE ST MARTORY,,43.1370495507,0.85105513739,124,,Castillon-de-Saint-Martory,Castillon-de-Saint-Martory,31,Haute-Garonne,76,Occitanie
31125,CATHERVIELLE,31110,CATHERVIELLE,,42.8234692001,0.507545845496,125,,Cathervielle,Cathervielle,31,Haute-Garonne,76,Occitanie
31126,CAUBIAC,31480,CAUBIAC,,43.7125921487,1.07397427745,126,,Caubiac,Caubiac,31,Haute-Garonne,76,Occitanie
31127,CAUBOUS,31110,CAUBOUS,,42.8472592399,0.521910394334,127,,Caubous,Caubous,31,Haute-Garonne,76,Occitanie
31128,CAUJAC,31190,CAUJAC,,43.2953977811,1.45851847854,128,,Caujac,Caujac,31,Haute-Garonne,76,Occitanie
31129,CAZARILH LASPENES,31110,CAZARILH LASPENES,,42.8031770171,0.581463334845,129,,Cazarilh-Laspènes,Cazarilh-Laspènes,31,Haute-Garonne,76,Occitanie
31130,CAZARIL TAMBOURES,31580,CAZARIL TAMBOURES,,43.1788077509,0.542510380737,130,,Cazaril-Tambourès,Cazaril-Tambourès,31,Haute-Garonne,76,Occitanie
31131,CAZAUNOUS,31160,CAZAUNOUS,,42.9882048056,0.724729046231,131,,Cazaunous,Cazaunous,31,Haute-Garonne,76,Occitanie
31132,CAZAUX LAYRISSE,31440,CAZAUX LAYRISSE,,42.8715028336,0.59693837031,132,,Cazaux-Layrisse,Cazaux-Layrisse,31,Haute-Garonne,76,Occitanie
31133,CAZEAUX DE LARBOUST,31110,CAZEAUX DE LARBOUST,,42.7515051317,0.532234410988,133,,Cazeaux-de-Larboust,Cazeaux-de-Larboust,31,Haute-Garonne,76,Occitanie
31134,CAZENEUVE MONTAUT,31420,CAZENEUVE MONTAUT,,43.181753746,0.862058674032,134,,Cazeneuve-Montaut,Cazeneuve-Montaut,31,Haute-Garonne,76,Occitanie
31135,CAZERES,31220,CAZERES,,43.2203354224,1.09307402728,135,,Cazères,Cazères,31,Haute-Garonne,76,Occitanie
31136,CEPET,31620,CEPET,,43.7456992513,1.43660975601,136,,Cépet,Cépet,31,Haute-Garonne,76,Occitanie
31137,CESSALES,31290,CESSALES,,43.4578290788,1.74447351258,137,,Cessales,Cessales,31,Haute-Garonne,76,Occitanie
31138,CHARLAS,31350,CHARLAS,,43.2348620217,0.69256790688,138,,Charlas,Charlas,31,Haute-Garonne,76,Occitanie
31139,CHAUM,31440,CHAUM,,42.9406957068,0.66516191816,139,,Chaum,Chaum,31,Haute-Garonne,76,Occitanie
31140,CHEIN DESSUS,31160,CHEIN DESSUS,,43.0047959072,0.875406568776,140,,Chein-Dessus,Chein-Dessus,31,Haute-Garonne,76,Occitanie
31141,CIADOUX,31350,CIADOUX,,43.2542454661,0.742080761345,141,,Ciadoux,Ciadoux,31,Haute-Garonne,76,Occitanie
31142,CIER DE LUCHON,31110,CIER DE LUCHON,,42.8554210387,0.587203790496,142,,Cier-de-Luchon,Cier-de-Luchon,31,Haute-Garonne,76,Occitanie
31143,CIER DE RIVIERE,31510,CIER DE RIVIERE,,43.0582093702,0.626576681878,143,,Cier-de-Rivière,Cier-de-Rivière,31,Haute-Garonne,76,Occitanie
31144,CIERP GAUD,31440,CIERP GAUD,,42.9126857929,0.634654016295,144,,Cierp-Gaud,Cierp-Gaud,31,Haute-Garonne,76,Occitanie
31145,CINTEGABELLE,31550,CINTEGABELLE,,43.3068275347,1.53572104777,145,,Cintegabelle,Cintegabelle,31,Haute-Garonne,76,Occitanie
31146,CIRES,31110,CIRES,,42.8523193923,0.509249607327,146,,Cirès,Cirès,31,Haute-Garonne,76,Occitanie
31147,CLARAC,31210,CLARAC,,43.1137180327,0.6161886319,147,,Clarac,Clarac,31,Haute-Garonne,76,Occitanie
31148,CLERMONT LE FORT,31810,CLERMONT LE FORT,,43.4584289455,1.44262793201,148,,Clermont-le-Fort,Clermont-le-Fort,31,Haute-Garonne,76,Occitanie
31149,COLOMIERS,31770,COLOMIERS,,43.611551508,1.32700218407,149,,Colomiers,Colomiers,31,Haute-Garonne,76,Occitanie
31150,CORNEBARRIEU,31700,CORNEBARRIEU,,43.6486265729,1.32242964582,150,,Cornebarrieu,Cornebarrieu,31,Haute-Garonne,76,Occitanie
31151,CORRONSAC,31450,CORRONSAC,,43.4715894844,1.48988057955,151,,Corronsac,Corronsac,31,Haute-Garonne,76,Occitanie
31152,COUEILLES,31230,COUEILLES,,43.346722057,0.878316762368,152,,Coueilles,Coueilles,31,Haute-Garonne,76,Occitanie
31153,COULADERE,31220,COULADERE,,43.1961985642,1.09427022824,153,,Couladère,Couladère,31,Haute-Garonne,76,Occitanie
31155,COURET,31160,COURET,,43.0492105288,0.816891672701,155,,Couret,Couret,31,Haute-Garonne,76,Occitanie
31156,COX,31480,COX,,43.7604806634,1.04203619262,156,,Cox,Cox,31,Haute-Garonne,76,Occitanie
31157,CUGNAUX,31270,CUGNAUX,,43.5449211242,1.34286223759,157,,Cugnaux,Cugnaux,31,Haute-Garonne,76,Occitanie
31158,CUGURON,31210,CUGURON,,43.104325893,0.51568143449,158,,Cuguron,Cuguron,31,Haute-Garonne,76,Occitanie
31159,LE CUING,31210,LE CUING,,43.1471175091,0.611931912745,159,Le,Cuing,Le Cuing,31,Haute-Garonne,76,Occitanie
31160,DAUX,31700,DAUX,,43.6872531862,1.26634638544,160,,Daux,Daux,31,Haute-Garonne,76,Occitanie
31161,DEYME,31450,DEYME,,43.482390026,1.53265253499,161,,Deyme,Deyme,31,Haute-Garonne,76,Occitanie
31162,DONNEVILLE,31450,DONNEVILLE,,43.4727663351,1.55123674393,162,,Donneville,Donneville,31,Haute-Garonne,76,Occitanie
31163,DREMIL LAFAGE,31280,DREMIL LAFAGE,,43.5917450046,1.60317858456,163,,Drémil-Lafage,Drémil-Lafage,31,Haute-Garonne,76,Occitanie
31164,DRUDAS,31480,DRUDAS,,43.7622728422,1.09790048233,164,,Drudas,Drudas,31,Haute-Garonne,76,Occitanie
31165,EAUNES,31600,EAUNES,,43.4276929383,1.35897762267,165,,Eaunes,Eaunes,31,Haute-Garonne,76,Occitanie
31166,EMPEAUX,31470,EMPEAUX,,43.5369176255,1.07909737017,166,,Empeaux,Empeaux,31,Haute-Garonne,76,Occitanie
31167,ENCAUSSE LES THERMES,31160,ENCAUSSE LES THERMES,,43.0532848166,0.746258275934,167,,Encausse-les-Thermes,Encausse-les-Thermes,31,Haute-Garonne,76,Occitanie
31168,EOUX,31420,EOUX,,43.2774587805,0.882334397451,168,,Eoux,Eoux,31,Haute-Garonne,76,Occitanie
31169,ESCALQUENS,31750,ESCALQUENS,,43.5209125935,1.55243226997,169,,Escalquens,Escalquens,31,Haute-Garonne,76,Occitanie
31170,ESCANECRABE,31350,ESCANECRABE,,43.2716594526,0.757214642692,170,,Escanecrabe,Escanecrabe,31,Haute-Garonne,76,Occitanie
31171,ESPANES,31450,ESPANES,,43.4509538019,1.4870137127,171,,Espanès,Espanès,31,Haute-Garonne,76,Occitanie
31172,ESPARRON,31420,ESPARRON,,43.2611725663,0.811588466445,172,,Esparron,Esparron,31,Haute-Garonne,76,Occitanie
31173,ESPERCE,31190,ESPERCE,,43.2993657224,1.40063786328,173,,Esperce,Esperce,31,Haute-Garonne,76,Occitanie
31174,ESTADENS,31160,ESTADENS,,43.0338015189,0.844111123426,174,,Estadens,Estadens,31,Haute-Garonne,76,Occitanie
31175,ESTANCARBON,31800,ESTANCARBON,,43.108852598,0.781108335801,175,,Estancarbon,Estancarbon,31,Haute-Garonne,76,Occitanie
31176,ESTENOS,31440,ESTENOS,,42.9408620061,0.635528965839,176,,Esténos,Esténos,31,Haute-Garonne,76,Occitanie
31177,EUP,31440,EUP,,42.9263371588,0.684482235648,177,,Eup,Eup,31,Haute-Garonne,76,Occitanie
31178,FABAS,31230,FABAS,,43.3119614436,0.89311883238,178,,Fabas,Fabas,31,Haute-Garonne,76,Occitanie
31179,LE FAGET,31460,LE FAGET,,43.5648428927,1.8260785638,179,Le,Faget,Le Faget,31,Haute-Garonne,76,Occitanie
31180,FALGA,31540,FALGA,,43.480563098,1.84601018765,180,,Falga,Falga,31,Haute-Garonne,76,Occitanie
31181,LE FAUGA,31410,LE FAUGA,,43.3984327015,1.2940830427,181,Le,Fauga,Le Fauga,31,Haute-Garonne,76,Occitanie
31182,FENOUILLET,31150,FENOUILLET,,43.6848098988,1.39052053451,182,,Fenouillet,Fenouillet,31,Haute-Garonne,76,Occitanie
31183,FIGAROL,31260,FIGAROL,,43.086105599,0.905126707725,183,,Figarol,Figarol,31,Haute-Garonne,76,Occitanie
31184,FLOURENS,31130,FLOURENS,,43.5977742595,1.55391307823,184,,Flourens,Flourens,31,Haute-Garonne,76,Occitanie
31185,FOLCARDE,31290,FOLCARDE,,43.4059778673,1.79495498171,185,,Folcarde,Folcarde,31,Haute-Garonne,76,Occitanie
31186,FONBEAUZARD,31140,FONBEAUZARD,,43.6798211278,1.43492132755,186,,Fonbeauzard,Fonbeauzard,31,Haute-Garonne,76,Occitanie
31187,FONSORBES,31470,FONSORBES,,43.5317695743,1.23863670585,187,,Fonsorbes,Fonsorbes,31,Haute-Garonne,76,Occitanie
31188,FONTENILLES,31470,FONTENILLES,,43.5554168376,1.19738282576,188,,Fontenilles,Fontenilles,31,Haute-Garonne,76,Occitanie
31189,FORGUES,31370,FORGUES,,43.4311541464,1.04326431364,189,,Forgues,Forgues,31,Haute-Garonne,76,Occitanie
31190,FOS,31440,FOS,,42.8605439221,0.747535403685,190,,Fos,Fos,31,Haute-Garonne,76,Occitanie
31191,FOUGARON,31160,FOUGARON,,42.9816089588,0.935465370602,191,,Fougaron,Fougaron,31,Haute-Garonne,76,Occitanie
31192,FOURQUEVAUX,31450,FOURQUEVAUX,,43.498117622,1.62175051569,192,,Fourquevaux,Fourquevaux,31,Haute-Garonne,76,Occitanie
31193,LE FOUSSERET,31430,LE FOUSSERET,,43.2863317906,1.06495178565,193,Le,Fousseret,Le Fousseret,31,Haute-Garonne,76,Occitanie
31194,FRANCARVILLE,31460,FRANCARVILLE,,43.5867124964,1.74796127213,194,,Francarville,Francarville,31,Haute-Garonne,76,Occitanie
31195,FRANCAZAL,31260,FRANCAZAL,,43.008007201,0.99694808241,195,,Francazal,Francazal,31,Haute-Garonne,76,Occitanie
31196,FRANCON,31420,FRANCON,,43.26180406,0.988074142918,196,,Francon,Francon,31,Haute-Garonne,76,Occitanie
31197,FRANQUEVIELLE,31210,FRANQUEVIELLE,,43.1310604911,0.534188956985,197,,Franquevielle,Franquevielle,31,Haute-Garonne,76,Occitanie
31198,LE FRECHET,31360,LE FRECHET,,43.1898575519,0.931806959516,198,Le,Fréchet,Le Fréchet,31,Haute-Garonne,76,Occitanie
31199,FRONSAC,31440,FRONSAC,,42.9540641644,0.662252596199,199,,Fronsac,Fronsac,31,Haute-Garonne,76,Occitanie
31200,FRONTIGNAN DE COMMINGES,31510,FRONTIGNAN DE COMMINGES,,42.9631400152,0.665864279596,200,,Frontignan-de-Comminges,Frontignan-de-Comminges,31,Haute-Garonne,76,Occitanie
31201,FRONTIGNAN SAVES,31230,FRONTIGNAN SAVES,,43.3992758372,0.912650779846,201,,Frontignan-Savès,Frontignan-Savès,31,Haute-Garonne,76,Occitanie
31202,FRONTON,31620,FRONTON,,43.8517933672,1.37926505581,202,,Fronton,Fronton,31,Haute-Garonne,76,Occitanie
31203,FROUZINS,31270,FROUZINS,,43.5213246491,1.31308144472,203,,Frouzins,Frouzins,31,Haute-Garonne,76,Occitanie
31204,FUSTIGNAC,31430,FUSTIGNAC,,43.3012693197,0.983864621699,204,,Fustignac,Fustignac,31,Haute-Garonne,76,Occitanie
31205,GAGNAC SUR GARONNE,31150,GAGNAC SUR GARONNE,,43.7075932093,1.36359468155,205,,Gagnac-sur-Garonne,Gagnac-sur-Garonne,31,Haute-Garonne,76,Occitanie
31206,GAILLAC TOULZA,31550,GAILLAC TOULZA,,43.2567352836,1.45627950177,206,,Gaillac-Toulza,Gaillac-Toulza,31,Haute-Garonne,76,Occitanie
31207,GALIE,31510,GALIE,,42.9928750426,0.633738295094,207,,Galié,Galié,31,Haute-Garonne,76,Occitanie
31208,GANTIES,31160,GANTIES,,43.0640234495,0.836948319209,208,,Ganties,Ganties,31,Haute-Garonne,76,Occitanie
31209,GARAC,31480,GARAC,,43.6892862656,1.09168485036,209,,Garac,Garac,31,Haute-Garonne,76,Occitanie
31210,GARDOUCH,31290,GARDOUCH,,43.3848367131,1.67826808704,210,,Gardouch,Gardouch,31,Haute-Garonne,76,Occitanie
31211,GARGAS,31620,GARGAS,,43.7592156641,1.45920963091,211,,Gargas,Gargas,31,Haute-Garonne,76,Occitanie
31212,GARIDECH,31380,GARIDECH,,43.7133738852,1.55161276907,212,,Garidech,Garidech,31,Haute-Garonne,76,Occitanie
31213,GARIN,31110,GARIN,,42.807334211,0.497947731737,213,,Garin,Garin,31,Haute-Garonne,76,Occitanie
31215,GAURE,31590,GAURE,,43.6176900589,1.63698361771,215,,Gauré,Gauré,31,Haute-Garonne,76,Occitanie
31216,GEMIL,31380,GEMIL,,43.7390147281,1.59616914343,216,,Gémil,Gémil,31,Haute-Garonne,76,Occitanie
31217,GENOS,31510,GENOS,,42.9989362033,0.668863538548,217,,Génos,Génos,31,Haute-Garonne,76,Occitanie
31218,GENSAC DE BOULOGNE,31350,GENSAC DE BOULOGNE,,43.2589572773,0.603577328953,218,,Gensac-de-Boulogne,Gensac-de-Boulogne,31,Haute-Garonne,76,Occitanie
31219,GENSAC SUR GARONNE,31310,GENSAC SUR GARONNE,,43.2158175137,1.14295187522,219,,Gensac-sur-Garonne,Gensac-sur-Garonne,31,Haute-Garonne,76,Occitanie
31220,GIBEL,31560,GIBEL,,43.3026504146,1.67636064192,220,,Gibel,Gibel,31,Haute-Garonne,76,Occitanie
31221,GOUAUX DE LARBOUST,31110,GOUAUX DE LARBOUST,,42.7805722795,0.477306280003,221,,Gouaux-de-Larboust,Gouaux-de-Larboust,31,Haute-Garonne,76,Occitanie
31222,GOUAUX DE LUCHON,31110,GOUAUX DE LUCHON,,42.8507243735,0.641852997269,222,,Gouaux-de-Luchon,Gouaux-de-Luchon,31,Haute-Garonne,76,Occitanie
31223,GOUDEX,31230,GOUDEX,,43.379000165,0.956722532352,223,,Goudex,Goudex,31,Haute-Garonne,76,Occitanie
31224,GOURDAN POLIGNAN,31210,GOURDAN POLIGNAN,,43.0693789495,0.575641802967,224,,Gourdan-Polignan,Gourdan-Polignan,31,Haute-Garonne,76,Occitanie
31225,GOUTEVERNISSE,31310,GOUTEVERNISSE,,43.2140263014,1.17376592029,225,,Goutevernisse,Goutevernisse,31,Haute-Garonne,76,Occitanie
31226,GOUZENS,31310,GOUZENS,,43.1791349745,1.18187382693,226,,Gouzens,Gouzens,31,Haute-Garonne,76,Occitanie
31227,GOYRANS,31120,GOYRANS,,43.4816353803,1.42653323258,227,,Goyrans,Goyrans,31,Haute-Garonne,76,Occitanie
31228,GRAGNAGUE,31380,GRAGNAGUE,,43.6830952674,1.58238144646,228,,Gragnague,Gragnague,31,Haute-Garonne,76,Occitanie
31229,GRATENS,31430,GRATENS,,43.3258752014,1.12264895542,229,,Gratens,Gratens,31,Haute-Garonne,76,Occitanie
31230,GRATENTOUR,31150,GRATENTOUR,,43.7204638549,1.43434867607,230,,Gratentour,Gratentour,31,Haute-Garonne,76,Occitanie
31231,GRAZAC,31190,GRAZAC,,43.3114150359,1.44878574515,231,,Grazac,Grazac,31,Haute-Garonne,76,Occitanie
31232,GRENADE,31330,GRENADE,,43.7640507757,1.28038974975,232,,Grenade,Grenade,31,Haute-Garonne,76,Occitanie
31233,GREPIAC,31190,GREPIAC,,43.4078546478,1.45277463176,233,,Grépiac,Grépiac,31,Haute-Garonne,76,Occitanie
31234,LE GRES,31480,LE GRES,,43.718877124,1.0998867054,234,Le,Grès,Le Grès,31,Haute-Garonne,76,Occitanie
31235,GURAN,31440,GURAN,,42.8861684706,0.607040581049,235,,Guran,Guran,31,Haute-Garonne,76,Occitanie
31236,HERRAN,31160,HERRAN,,42.9719649863,0.885660776588,236,,Herran,Herran,31,Haute-Garonne,76,Occitanie
31237,HIS,31260,HIS,,43.0649908424,0.965815037259,237,,His,His,31,Haute-Garonne,76,Occitanie
31238,HUOS,31210,HUOS,,43.0693636592,0.6001814706,238,,Huos,Huos,31,Haute-Garonne,76,Occitanie
31239,L ISLE EN DODON,31230,L ISLE EN DODON,,43.3811500613,0.83387534106,239,L',Isle-en-Dodon,L'Isle-en-Dodon,31,Haute-Garonne,76,Occitanie
31240,ISSUS,31450,ISSUS,,43.422775887,1.50277699611,240,,Issus,Issus,31,Haute-Garonne,76,Occitanie
31241,IZAUT DE L HOTEL,31160,IZAUT DE L HOTEL,,43.0131099513,0.749757075075,241,,Izaut-de-l'Hôtel,Izaut-de-l'Hôtel,31,Haute-Garonne,76,Occitanie
31242,JURVIELLE,31110,JURVIELLE,,42.8293252731,0.475016792399,242,,Jurvielle,Jurvielle,31,Haute-Garonne,76,Occitanie
31243,JUZES,31540,JUZES,,43.4471276111,1.79347652101,243,,Juzes,Juzes,31,Haute-Garonne,76,Occitanie
31244,JUZET DE LUCHON,31110,JUZET DE LUCHON,,42.8030856588,0.629941748011,244,,Juzet-de-Luchon,Juzet-de-Luchon,31,Haute-Garonne,76,Occitanie
31245,JUZET D IZAUT,31160,JUZET D IZAUT,,42.9699962027,0.757388801207,245,,Juzet-d'Izaut,Juzet-d'Izaut,31,Haute-Garonne,76,Occitanie
31246,LABARTHE INARD,31800,LABARTHE INARD,,43.1078272135,0.832464946547,246,,Labarthe-Inard,Labarthe-Inard,31,Haute-Garonne,76,Occitanie
31247,LABARTHE RIVIERE,31800,LABARTHE RIVIERE,,43.0809091883,0.671429953556,247,,Labarthe-Rivière,Labarthe-Rivière,31,Haute-Garonne,76,Occitanie
31248,LABARTHE SUR LEZE,31860,LABARTHE SUR LEZE,,43.4585461585,1.40082976957,248,,Labarthe-sur-Lèze,Labarthe-sur-Lèze,31,Haute-Garonne,76,Occitanie
31249,LABASTIDE BEAUVOIR,31450,LABASTIDE BEAUVOIR,,43.4833061095,1.66361154425,249,,Labastide-Beauvoir,Labastide-Beauvoir,31,Haute-Garonne,76,Occitanie
31250,LABASTIDE CLERMONT,31370,LABASTIDE CLERMONT,,43.3495275482,1.10615893654,250,,Labastide-Clermont,Labastide-Clermont,31,Haute-Garonne,76,Occitanie
31251,LABASTIDE PAUMES,31230,LABASTIDE PAUMES,,43.3331852393,0.935633531928,251,,Labastide-Paumès,Labastide-Paumès,31,Haute-Garonne,76,Occitanie
31252,LABASTIDE ST SERNIN,31620,LABASTIDE ST SERNIN,,43.7357715003,1.4659716657,252,,Labastide-Saint-Sernin,Labastide-Saint-Sernin,31,Haute-Garonne,76,Occitanie
31253,LABASTIDETTE,31600,LABASTIDETTE,,43.4572488277,1.23711538242,253,,Labastidette,Labastidette,31,Haute-Garonne,76,Occitanie
31254,LABEGE,31670,LABEGE,,43.539137717,1.5206207109,254,,Labège,Labège,31,Haute-Garonne,76,Occitanie
31255,LABROQUERE,31510,LABROQUERE,,43.0422164523,0.591584694208,255,,Labroquère,Labroquère,31,Haute-Garonne,76,Occitanie
31256,LABRUYERE DORSA,31190,LABRUYERE DORSA,,43.4049029199,1.47157960767,256,,Labruyère-Dorsa,Labruyère-Dorsa,31,Haute-Garonne,76,Occitanie
31258,LACAUGNE,31390,LACAUGNE,,43.2812784348,1.28249585607,258,,Lacaugne,Lacaugne,31,Haute-Garonne,76,Occitanie
31259,LACROIX FALGARDE,31120,LACROIX FALGARDE,,43.5008164665,1.42391034404,259,,Lacroix-Falgarde,Lacroix-Falgarde,31,Haute-Garonne,76,Occitanie
31260,LAFFITE TOUPIERE,31360,LAFFITE TOUPIERE,,43.1654323189,0.913233525531,260,,Laffite-Toupière,Laffite-Toupière,31,Haute-Garonne,76,Occitanie
31261,LAFITTE VIGORDANE,31390,LAFITTE VIGORDANE,,43.3031701623,1.1622399774,261,,Lafitte-Vigordane,Lafitte-Vigordane,31,Haute-Garonne,76,Occitanie
31262,LAGARDE,31290,LAGARDE,,43.3452720322,1.69665313255,262,,Lagarde,Lagarde,31,Haute-Garonne,76,Occitanie
31263,LAGARDELLE SUR LEZE,31870,LAGARDELLE SUR LEZE,,43.4146075746,1.39259285705,263,,Lagardelle-sur-Lèze,Lagardelle-sur-Lèze,31,Haute-Garonne,76,Occitanie
31264,LAGRACE DIEU,31190,LAGRACE DIEU,,43.3373994555,1.40523002745,264,,Lagrâce-Dieu,Lagrâce-Dieu,31,Haute-Garonne,76,Occitanie
31265,LAGRAULET ST NICOLAS,31480,LAGRAULET ST NICOLAS,,43.788801434,1.07315140628,265,,Lagraulet-Saint-Nicolas,Lagraulet-Saint-Nicolas,31,Haute-Garonne,76,Occitanie
31266,LAHAGE,31370,LAHAGE,,43.4402741195,1.06577822679,266,,Lahage,Lahage,31,Haute-Garonne,76,Occitanie
31267,LAHITERE,31310,LAHITERE,,43.1417576866,1.18566582893,267,,Lahitère,Lahitère,31,Haute-Garonne,76,Occitanie
31268,LALOURET LAFFITEAU,31800,LALOURET LAFFITEAU,,43.1867504971,0.700251649847,268,,Lalouret-Laffiteau,Lalouret-Laffiteau,31,Haute-Garonne,76,Occitanie
31269,LAMASQUERE,31600,LAMASQUERE,,43.4845365161,1.24833943627,269,,Lamasquère,Lamasquère,31,Haute-Garonne,76,Occitanie
31270,LANDORTHE,31800,LANDORTHE,,43.1295155523,0.777804003503,270,,Landorthe,Landorthe,31,Haute-Garonne,76,Occitanie
31271,LANTA,31570,LANTA,,43.561512681,1.66802980553,271,,Lanta,Lanta,31,Haute-Garonne,76,Occitanie
31272,LAPEYRERE,31310,LAPEYRERE,,43.2048767713,1.3113589407,272,,Lapeyrère,Lapeyrère,31,Haute-Garonne,76,Occitanie
31273,LAPEYROUSE FOSSAT,31180,LAPEYROUSE FOSSAT,,43.70162146,1.5103595038,273,,Lapeyrouse-Fossat,Lapeyrouse-Fossat,31,Haute-Garonne,76,Occitanie
31274,LARCAN,31800,LARCAN,,43.1712212106,0.721733118542,274,,Larcan,Larcan,31,Haute-Garonne,76,Occitanie
31275,LAREOLE,31480,LAREOLE,,43.7417793374,1.02424859431,275,,Laréole,Laréole,31,Haute-Garonne,76,Occitanie
31276,LARROQUE,31580,LARROQUE,,43.1954638712,0.613620624172,276,,Larroque,Larroque,31,Haute-Garonne,76,Occitanie
31277,LASSERRE,31530,LASSERRE,,43.6358181095,1.19125199564,277,,Lasserre-Pradère,Lasserre-Pradère,31,Haute-Garonne,76,Occitanie
31278,LATOUE,31800,LATOUE,,43.1721599095,0.782166730616,278,,Latoue,Latoue,31,Haute-Garonne,76,Occitanie
31279,LATOUR,31310,LATOUR,,43.2018753864,1.2819924767,279,,Latour,Latour,31,Haute-Garonne,76,Occitanie
31280,LATRAPE,31310,LATRAPE,,43.2493492757,1.2909801197,280,,Latrape,Latrape,31,Haute-Garonne,76,Occitanie
31281,LAUNAC,31330,LAUNAC,,43.7503565656,1.17070596349,281,,Launac,Launac,31,Haute-Garonne,76,Occitanie
31282,LAUNAGUET,31140,LAUNAGUET,,43.6700766081,1.45516003737,282,,Launaguet,Launaguet,31,Haute-Garonne,76,Occitanie
31283,LAUTIGNAC,31370,LAUTIGNAC,,43.3790098177,1.06344919114,283,,Lautignac,Lautignac,31,Haute-Garonne,76,Occitanie
31284,LAUZERVILLE,31650,LAUZERVILLE,,43.5583468414,1.56690064606,284,,Lauzerville,Lauzerville,31,Haute-Garonne,76,Occitanie
31285,LAVALETTE,31590,LAVALETTE,,43.6393734438,1.59168661555,285,,Lavalette,Lavalette,31,Haute-Garonne,76,Occitanie
31286,LAVELANET DE COMMINGES,31220,LAVELANET DE COMMINGES,,43.2526939851,1.11470722168,286,,Lavelanet-de-Comminges,Lavelanet-de-Comminges,31,Haute-Garonne,76,Occitanie
31287,LAVERNOSE LACASSE,31410,LAVERNOSE LACASSE,,43.3913118725,1.24635316993,287,,Lavernose-Lacasse,Lavernose-Lacasse,31,Haute-Garonne,76,Occitanie
31288,LAYRAC SUR TARN,31340,LAYRAC SUR TARN,,43.8338907069,1.56284949072,288,,Layrac-sur-Tarn,Layrac-sur-Tarn,31,Haute-Garonne,76,Occitanie
31289,LECUSSAN,31580,LECUSSAN,,43.1552864516,0.49261323078,289,,Lécussan,Lécussan,31,Haute-Garonne,76,Occitanie
31290,LEGE,31440,LEGE,,42.8790994163,0.599847832302,290,,Lège,Lège,31,Haute-Garonne,76,Occitanie
31291,LEGUEVIN,31490,LEGUEVIN,,43.5919597795,1.2290264629,291,,Léguevin,Léguevin,31,Haute-Garonne,76,Occitanie
31292,LESCUNS,31220,LESCUNS,,43.2452668117,1.00463618554,292,,Lescuns,Lescuns,31,Haute-Garonne,76,Occitanie
31293,LESPINASSE,31150,LESPINASSE,,43.7158013757,1.38334888533,293,,Lespinasse,Lespinasse,31,Haute-Garonne,76,Occitanie
31294,LESPITEAU,31160,LESPITEAU,,43.0657396752,0.762308688736,294,,Lespiteau,Lespiteau,31,Haute-Garonne,76,Occitanie
31295,LESPUGUE,31350,LESPUGUE,,43.229615539,0.666919835845,295,,Lespugue,Lespugue,31,Haute-Garonne,76,Occitanie
31296,LESTELLE DE ST MARTORY,31360,LESTELLE DE ST MARTORY,,43.1187447773,0.902129686925,296,,Lestelle-de-Saint-Martory,Lestelle-de-Saint-Martory,31,Haute-Garonne,76,Occitanie
31297,LEVIGNAC,31530,LEVIGNAC,,43.6593918197,1.20389227339,297,,Lévignac,Lévignac,31,Haute-Garonne,76,Occitanie
31298,LEZ,31440,LEZ,,42.9086596697,0.705931265047,298,,Lez,Lez,31,Haute-Garonne,76,Occitanie
31299,LHERM,31600,LHERM,,43.4293377218,1.22334236594,299,,Lherm,Lherm,31,Haute-Garonne,76,Occitanie
31300,LIEOUX,31800,LIEOUX,,43.1495836513,0.773537344918,300,,Lieoux,Lieoux,31,Haute-Garonne,76,Occitanie
31301,LILHAC,31230,LILHAC,,43.2848643262,0.809582811778,301,,Lilhac,Lilhac,31,Haute-Garonne,76,Occitanie
31302,LODES,31800,LODES,,43.1663358604,0.657578380319,302,,Lodes,Lodes,31,Haute-Garonne,76,Occitanie
31303,LONGAGES,31410,LONGAGES,,43.3574229585,1.21425495972,303,,Longages,Longages,31,Haute-Garonne,76,Occitanie
31304,LOUBENS LAURAGAIS,31460,LOUBENS LAURAGAIS,,43.5744476065,1.78338318229,304,,Loubens-Lauragais,Loubens-Lauragais,31,Haute-Garonne,76,Occitanie
31305,LOUDET,31580,LOUDET,,43.1399868523,0.576361768273,305,,Loudet,Loudet,31,Haute-Garonne,76,Occitanie
31306,LOURDE,31510,LOURDE,,42.9847180635,0.658660755853,306,,Lourde,Lourde,31,Haute-Garonne,76,Occitanie
31307,LUNAX,31350,LUNAX,,43.3389641472,0.694211746451,307,,Lunax,Lunax,31,Haute-Garonne,76,Occitanie
31308,LUSCAN,31510,LUSCAN,,43.0133226155,0.626944464988,308,,Luscan,Luscan,31,Haute-Garonne,76,Occitanie
31309,LUSSAN ADEILHAC,31430,LUSSAN ADEILHAC,,43.2961912719,0.951967921196,309,,Lussan-Adeilhac,Lussan-Adeilhac,31,Haute-Garonne,76,Occitanie
31310,LUX,31290,LUX,,43.4310851091,1.78134765321,310,,Lux,Lux,31,Haute-Garonne,76,Occitanie
31311,LA MAGDELAINE SUR TARN,31340,LA MAGDELAINE SUR TARN,,43.8136980944,1.5350363614,311,La,Magdelaine-sur-Tarn,La Magdelaine-sur-Tarn,31,Haute-Garonne,76,Occitanie
31312,MAILHOLAS,31310,MAILHOLAS,,43.2454899283,1.25132543337,312,,Mailholas,Mailholas,31,Haute-Garonne,76,Occitanie
31313,MALVEZIE,31510,MALVEZIE,,43.0069388711,0.700137350744,313,,Malvezie,Malvezie,31,Haute-Garonne,76,Occitanie
31314,MANCIOUX,31360,MANCIOUX,,43.1668578934,0.941756954338,314,,Mancioux,Mancioux,31,Haute-Garonne,76,Occitanie
31315,MANE,31260,MANE,,43.080178576,0.9447955326,315,,Mane,Mane,31,Haute-Garonne,76,Occitanie
31316,MARIGNAC,31440,MARIGNAC,,42.8948589478,0.666041142898,316,,Marignac,Marignac,31,Haute-Garonne,76,Occitanie
31317,MARIGNAC LASCLARES,31430,MARIGNAC LASCLARES,,43.3049878647,1.10662037582,317,,Marignac-Lasclares,Marignac-Lasclares,31,Haute-Garonne,76,Occitanie
31318,MARIGNAC LASPEYRES,31220,MARIGNAC LASPEYRES,,43.2127779264,0.961748306481,318,,Marignac-Laspeyres,Marignac-Laspeyres,31,Haute-Garonne,76,Occitanie
31319,MARLIAC,31550,MARLIAC,,43.2236919388,1.47249380734,319,,Marliac,Marliac,31,Haute-Garonne,76,Occitanie
31320,MARQUEFAVE,31390,MARQUEFAVE,,43.3095545931,1.25946317951,320,,Marquefave,Marquefave,31,Haute-Garonne,76,Occitanie
31321,MARSOULAS,31260,MARSOULAS,,43.1065481361,0.993468900589,321,,Marsoulas,Marsoulas,31,Haute-Garonne,76,Occitanie
31322,MARTISSERRE,31230,MARTISSERRE,,43.3947730316,0.885338719938,322,,Martisserre,Martisserre,31,Haute-Garonne,76,Occitanie
31323,MARTRES DE RIVIERE,31210,MARTRES DE RIVIERE,,43.0829629746,0.64483561143,323,,Martres-de-Rivière,Martres-de-Rivière,31,Haute-Garonne,76,Occitanie
31324,MARTRES TOLOSANE,31220,MARTRES TOLOSANE,,43.2020024621,1.00117227256,324,,Martres-Tolosane,Martres-Tolosane,31,Haute-Garonne,76,Occitanie
31325,MASCARVILLE,31460,MASCARVILLE,,43.5587512833,1.75383087377,325,,Mascarville,Mascarville,31,Haute-Garonne,76,Occitanie
31326,MASSABRAC,31310,MASSABRAC,,43.2218312967,1.36710649569,326,,Massabrac,Massabrac,31,Haute-Garonne,76,Occitanie
31327,MAURAN,31220,MAURAN,,43.1846795745,1.02272813927,327,,Mauran,Mauran,31,Haute-Garonne,76,Occitanie
31328,MAUREMONT,31290,MAUREMONT,,43.4559384154,1.68152366041,328,,Mauremont,Mauremont,31,Haute-Garonne,76,Occitanie
31329,MAURENS,31540,MAURENS,,43.466341669,1.79779573538,329,,Maurens,Maurens,31,Haute-Garonne,76,Occitanie
31330,MAURESSAC,31190,MAURESSAC,,43.3212250025,1.43428309398,330,,Mauressac,Mauressac,31,Haute-Garonne,76,Occitanie
31331,MAUREVILLE,31460,MAUREVILLE,,43.5296067212,1.71445599659,331,,Maureville,Maureville,31,Haute-Garonne,76,Occitanie
31332,MAUVAISIN,31190,MAUVAISIN,,43.3594273416,1.53862839097,332,,Mauvaisin,Mauvaisin,31,Haute-Garonne,76,Occitanie
31333,MAUVEZIN,31230,MAUVEZIN,,43.3839989782,0.920647647087,333,,Mauvezin,Mauvezin,31,Haute-Garonne,76,Occitanie
31334,MAUZAC,31410,MAUZAC,,43.3756100753,1.30283298461,334,,Mauzac,Mauzac,31,Haute-Garonne,76,Occitanie
31335,MAYREGNE,31110,MAYREGNE,,42.8481521233,0.540039042931,335,,Mayrègne,Mayrègne,31,Haute-Garonne,76,Occitanie
31336,MAZERES SUR SALAT,31260,MAZERES SUR SALAT,,43.1324112099,0.963599428998,336,,Mazères-sur-Salat,Mazères-sur-Salat,31,Haute-Garonne,76,Occitanie
31337,MELLES,31440,MELLES,,42.8670134351,0.808921574218,337,,Melles,Melles,31,Haute-Garonne,76,Occitanie
31338,MENVILLE,31530,MENVILLE,,43.6792240578,1.18745822863,338,,Menville,Menville,31,Haute-Garonne,76,Occitanie
31339,MERENVIELLE,31530,MERENVIELLE,,43.6206862872,1.1676078873,339,,Mérenvielle,Mérenvielle,31,Haute-Garonne,76,Occitanie
31340,MERVILLA,31320,MERVILLA,,43.506330557,1.47317310348,340,,Mervilla,Mervilla,31,Haute-Garonne,76,Occitanie
31341,MERVILLE,31330,MERVILLE,,43.722156746,1.29598401915,341,,Merville,Merville,31,Haute-Garonne,76,Occitanie
31342,MILHAS,31160,MILHAS,,42.9775941,0.827567903546,342,,Milhas,Milhas,31,Haute-Garonne,76,Occitanie
31343,MIRAMBEAU,31230,MIRAMBEAU,,43.4059897744,0.863062543914,343,,Mirambeau,Mirambeau,31,Haute-Garonne,76,Occitanie
31344,MIRAMONT DE COMMINGES,31800,MIRAMONT DE COMMINGES,,43.0914345294,0.755642928853,344,,Miramont-de-Comminges,Miramont-de-Comminges,31,Haute-Garonne,76,Occitanie
31345,MIREMONT,31190,MIREMONT,,43.3768947053,1.41723287336,345,,Miremont,Miremont,31,Haute-Garonne,76,Occitanie
31346,MIREPOIX SUR TARN,31340,MIREPOIX SUR TARN,,43.8243902958,1.5774699768,346,,Mirepoix-sur-Tarn,Mirepoix-sur-Tarn,31,Haute-Garonne,76,Occitanie
31347,MOLAS,31230,MOLAS,,43.4003607782,0.779212974903,347,,Molas,Molas,31,Haute-Garonne,76,Occitanie
31348,MONCAUP,31160,MONCAUP,,42.9729218811,0.701637765798,348,,Moncaup,Moncaup,31,Haute-Garonne,76,Occitanie
31349,MONDAVEZAN,31220,MONDAVEZAN,,43.2413424227,1.04245489237,349,,Mondavezan,Mondavezan,31,Haute-Garonne,76,Occitanie
31350,MONDILHAN,31350,MONDILHAN,,43.2903291141,0.707925774344,350,,Mondilhan,Mondilhan,31,Haute-Garonne,76,Occitanie
31351,MONDONVILLE,31700,MONDONVILLE,,43.6630816074,1.28127988411,351,,Mondonville,Mondonville,31,Haute-Garonne,76,Occitanie
31352,MONDOUZIL,31850,MONDOUZIL,,43.6315742429,1.56216413003,352,,Mondouzil,Mondouzil,31,Haute-Garonne,76,Occitanie
31353,MONES,31370,MONES,,43.4181669738,1.03320759,353,,Monès,Monès,31,Haute-Garonne,76,Occitanie
31354,MONESTROL,31560,MONESTROL,,43.3322404814,1.66273586519,354,,Monestrol,Monestrol,31,Haute-Garonne,76,Occitanie
31355,MONS,31280,MONS,,43.6112261836,1.57399371785,355,,Mons,Mons,31,Haute-Garonne,76,Occitanie
31356,MONTAIGUT SUR SAVE,31530,MONTAIGUT SUR SAVE,,43.6803943619,1.2345663902,356,,Montaigut-sur-Save,Montaigut-sur-Save,31,Haute-Garonne,76,Occitanie
31357,MONTASTRUC DE SALIES,31160,MONTASTRUC DE SALIES,,43.0375060146,0.901473462822,357,,Montastruc-de-Salies,Montastruc-de-Salies,31,Haute-Garonne,76,Occitanie
31358,MONTASTRUC LA CONSEILLERE,31380,MONTASTRUC LA CONSEILLERE,,43.7221234765,1.58906433836,358,,Montastruc-la-Conseillère,Montastruc-la-Conseillère,31,Haute-Garonne,76,Occitanie
31359,MONTASTRUC SAVES,31370,MONTASTRUC SAVES,,43.3616344154,1.01900079597,359,,Montastruc-Savès,Montastruc-Savès,31,Haute-Garonne,76,Occitanie
31360,MONTAUBAN DE LUCHON,31110,MONTAUBAN DE LUCHON,,42.7905243609,0.623354384016,360,,Montauban-de-Luchon,Montauban-de-Luchon,31,Haute-Garonne,76,Occitanie
31361,MONTAUT,31410,MONTAUT,,43.3455690999,1.31066640833,361,,Montaut,Montaut,31,Haute-Garonne,76,Occitanie
31362,MONTBERAUD,31220,MONTBERAUD,,43.1595238311,1.15513584785,362,,Montberaud,Montberaud,31,Haute-Garonne,76,Occitanie
31363,MONTBERNARD,31230,MONTBERNARD,,43.3042093093,0.767840933325,363,,Montbernard,Montbernard,31,Haute-Garonne,76,Occitanie
31364,MONTBERON,31140,MONTBERON,,43.7203107344,1.48894998415,364,,Montberon,Montberon,31,Haute-Garonne,76,Occitanie
31365,MONTBRUN BOCAGE,31310,MONTBRUN BOCAGE,,43.1195780479,1.24932023681,365,,Montbrun-Bocage,Montbrun-Bocage,31,Haute-Garonne,76,Occitanie
31366,MONTBRUN LAURAGAIS,31450,MONTBRUN LAURAGAIS,,43.4558727053,1.51983884361,366,,Montbrun-Lauragais,Montbrun-Lauragais,31,Haute-Garonne,76,Occitanie
31367,MONTCLAR DE COMMINGES,31220,MONTCLAR DE COMMINGES,,43.1709624845,1.02937210204,367,,Montclar-de-Comminges,Montclar-de-Comminges,31,Haute-Garonne,76,Occitanie
31368,MONTCLAR LAURAGAIS,31290,MONTCLAR LAURAGAIS,,43.362728431,1.71364639022,368,,Montclar-Lauragais,Montclar-Lauragais,31,Haute-Garonne,76,Occitanie
31369,MONT DE GALIE,31510,MONT DE GALIE,,42.9926932624,0.646724731976,369,,Mont-de-Galié,Mont-de-Galié,31,Haute-Garonne,76,Occitanie
31370,MONTEGUT BOURJAC,31430,MONTEGUT BOURJAC,,43.2815929333,0.985102720246,370,,Montégut-Bourjac,Montégut-Bourjac,31,Haute-Garonne,76,Occitanie
31371,MONTEGUT LAURAGAIS,31540,MONTEGUT LAURAGAIS,,43.4775080465,1.93140539637,371,,Montégut-Lauragais,Montégut-Lauragais,31,Haute-Garonne,76,Occitanie
31372,MONTESPAN,31260,MONTESPAN,,43.085626713,0.859781561724,372,,Montespan,Montespan,31,Haute-Garonne,76,Occitanie
31373,MONTESQUIEU GUITTAUT,31230,MONTESQUIEU GUITTAUT,,43.3386291505,0.767202844141,373,,Montesquieu-Guittaut,Montesquieu-Guittaut,31,Haute-Garonne,76,Occitanie
31374,MONTESQUIEU LAURAGAIS,31450,MONTESQUIEU LAURAGAIS,,43.4073286541,1.62763249857,374,,Montesquieu-Lauragais,Montesquieu-Lauragais,31,Haute-Garonne,76,Occitanie
31375,MONTESQUIEU VOLVESTRE,31310,MONTESQUIEU VOLVESTRE,,43.192539602,1.21785196007,375,,Montesquieu-Volvestre,Montesquieu-Volvestre,31,Haute-Garonne,76,Occitanie
31376,MONTGAILLARD DE SALIES,31260,MONTGAILLARD DE SALIES,,43.0589200964,0.93221860467,376,,Montgaillard-de-Salies,Montgaillard-de-Salies,31,Haute-Garonne,76,Occitanie
31377,MONTGAILLARD LAURAGAIS,31290,MONTGAILLARD LAURAGAIS,,43.428491369,1.70265269114,377,,Montgaillard-Lauragais,Montgaillard-Lauragais,31,Haute-Garonne,76,Occitanie
31378,MONTGAILLARD SUR SAVE,31350,MONTGAILLARD SUR SAVE,,43.2545847834,0.717487034111,378,,Montgaillard-sur-Save,Montgaillard-sur-Save,31,Haute-Garonne,76,Occitanie
31379,MONTGAZIN,31410,MONTGAZIN,,43.3054212469,1.30333898897,379,,Montgazin,Montgazin,31,Haute-Garonne,76,Occitanie
31380,MONTGEARD,31560,MONTGEARD,,43.3434044557,1.64154767835,380,,Montgeard,Montgeard,31,Haute-Garonne,76,Occitanie
31381,MONTGISCARD,31450,MONTGISCARD,,43.4551909277,1.57052406322,381,,Montgiscard,Montgiscard,31,Haute-Garonne,76,Occitanie
31382,MONTGRAS,31370,MONTGRAS,,43.4499161707,1.06831999402,382,,Montgras,Montgras,31,Haute-Garonne,76,Occitanie
31383,MONTJOIRE,31380,MONTJOIRE,,43.7787304929,1.52666645507,383,,Montjoire,Montjoire,31,Haute-Garonne,76,Occitanie
31384,MONTLAUR,31450,MONTLAUR,,43.4853075603,1.5806088714,384,,Montlaur,Montlaur,31,Haute-Garonne,76,Occitanie
31385,MONTMAURIN,31350,MONTMAURIN,,43.2268173084,0.636100975805,385,,Montmaurin,Montmaurin,31,Haute-Garonne,76,Occitanie
31386,MONTOULIEU ST BERNARD,31420,MONTOULIEU ST BERNARD,,43.2309082471,0.906414880793,386,,Montoulieu-Saint-Bernard,Montoulieu-Saint-Bernard,31,Haute-Garonne,76,Occitanie
31387,MONTOUSSIN,31430,MONTOUSSIN,,43.2800737238,1.01115822318,387,,Montoussin,Montoussin,31,Haute-Garonne,76,Occitanie
31388,MONTPITOL,31380,MONTPITOL,,43.7047230773,1.64247367519,388,,Montpitol,Montpitol,31,Haute-Garonne,76,Occitanie
31389,MONTRABE,31850,MONTRABE,,43.6424532193,1.5288063297,389,,Montrabé,Montrabé,31,Haute-Garonne,76,Occitanie
31390,MONTREJEAU,31210,MONTREJEAU,,43.0885884936,0.558463262724,390,,Montréjeau,Montréjeau,31,Haute-Garonne,76,Occitanie
31391,MONTSAUNES,31260,MONTSAUNES,,43.1102814819,0.932230467606,391,,Montsaunès,Montsaunès,31,Haute-Garonne,76,Occitanie
31392,MOURVILLES BASSES,31460,MOURVILLES BASSES,,43.4889625635,1.69918635087,392,,Mourvilles-Basses,Mourvilles-Basses,31,Haute-Garonne,76,Occitanie
31393,MOURVILLES HAUTES,31540,MOURVILLES HAUTES,,43.4244396823,1.81979265347,393,,Mourvilles-Hautes,Mourvilles-Hautes,31,Haute-Garonne,76,Occitanie
31394,MOUSTAJON,31110,MOUSTAJON,,42.8148264223,0.591908165377,394,,Moustajon,Moustajon,31,Haute-Garonne,76,Occitanie
31395,MURET,31600,MURET,,43.4491077783,1.30784679414,395,,Muret,Muret,31,Haute-Garonne,76,Occitanie
31396,NAILLOUX,31560,NAILLOUX,,43.3652413733,1.61316756794,396,,Nailloux,Nailloux,31,Haute-Garonne,76,Occitanie
31397,NENIGAN,31350,NENIGAN,,43.3532194383,0.708883307401,397,,Nénigan,Nénigan,31,Haute-Garonne,76,Occitanie
31398,NIZAN GESSE,31350,NIZAN GESSE,,43.2304323776,0.596409287994,398,,Nizan-Gesse,Nizan-Gesse,31,Haute-Garonne,76,Occitanie
31399,NOE,31410,NOE,,43.3605188083,1.27051945218,399,,Noé,Noé,31,Haute-Garonne,76,Occitanie
31400,NOGARET,31540,NOGARET,,43.4925754832,1.93375847468,400,,Nogaret,Nogaret,31,Haute-Garonne,76,Occitanie
31401,NOUEILLES,31450,NOUEILLES,,43.4150222311,1.52583069326,401,,Noueilles,Noueilles,31,Haute-Garonne,76,Occitanie
31402,ODARS,31450,ODARS,,43.5219394516,1.59326586441,402,,Odars,Odars,31,Haute-Garonne,76,Occitanie
31403,ONDES,31330,ONDES,,43.7861277519,1.30409747557,403,,Ondes,Ondes,31,Haute-Garonne,76,Occitanie
31404,OO,31110,OO,,42.7417285924,0.496415293313,404,,Oô,Oô,31,Haute-Garonne,76,Occitanie
31405,ORE,31510,ORE,,42.9736103236,0.646200614078,405,,Ore,Ore,31,Haute-Garonne,76,Occitanie
31406,PALAMINY,31220,PALAMINY,,43.1942889645,1.06030325813,406,,Palaminy,Palaminy,31,Haute-Garonne,76,Occitanie
31407,PAULHAC,31380,PAULHAC,,43.7542223312,1.55478228901,407,,Paulhac,Paulhac,31,Haute-Garonne,76,Occitanie
31408,PAYSSOUS,31510,PAYSSOUS,,43.0343405914,0.717177002702,408,,Payssous,Payssous,31,Haute-Garonne,76,Occitanie
31409,PECHABOU,31320,PECHABOU,,43.5015132384,1.51044990153,409,,Péchabou,Péchabou,31,Haute-Garonne,76,Occitanie
31410,PECHBONNIEU,31140,PECHBONNIEU,,43.7112584886,1.45879137829,410,,Pechbonnieu,Pechbonnieu,31,Haute-Garonne,76,Occitanie
31411,PECHBUSQUE,31320,PECHBUSQUE,,43.5246551254,1.45720316264,411,,Pechbusque,Pechbusque,31,Haute-Garonne,76,Occitanie
31412,PEGUILHAN,31350,PEGUILHAN,,43.3182848209,0.703637578751,412,,Péguilhan,Péguilhan,31,Haute-Garonne,76,Occitanie
31413,PELLEPORT,31480,PELLEPORT,,43.7414209784,1.11866923915,413,,Pelleport,Pelleport,31,Haute-Garonne,76,Occitanie
31414,PEYRISSAS,31420,PEYRISSAS,,43.2881718442,0.911650250915,414,,Peyrissas,Peyrissas,31,Haute-Garonne,76,Occitanie
31415,PEYROUZET,31420,PEYROUZET,,43.2079044252,0.832151962989,415,,Peyrouzet,Peyrouzet,31,Haute-Garonne,76,Occitanie
31416,PEYSSIES,31390,PEYSSIES,,43.3257060217,1.18484909158,416,,Peyssies,Peyssies,31,Haute-Garonne,76,Occitanie
31417,PIBRAC,31820,PIBRAC,,43.6274385363,1.26139475262,417,,Pibrac,Pibrac,31,Haute-Garonne,76,Occitanie
31418,PIN BALMA,31130,PIN BALMA,,43.6223426383,1.53573594468,418,,Pin-Balma,Pin-Balma,31,Haute-Garonne,76,Occitanie
31419,LE PIN MURELET,31370,LE PIN MURELET,,43.3973997258,1.02131338284,419,Le,Pin-Murelet,Le Pin-Murelet,31,Haute-Garonne,76,Occitanie
31420,PINSAGUEL,31120,PINSAGUEL,,43.503057751,1.39393626333,420,,Pinsaguel,Pinsaguel,31,Haute-Garonne,76,Occitanie
31421,PINS JUSTARET,31860,PINS JUSTARET,,43.4824421099,1.3908759872,421,,Pins-Justaret,Pins-Justaret,31,Haute-Garonne,76,Occitanie
31422,PLAGNE,31220,PLAGNE,,43.1609212435,1.0589815244,422,,Plagne,Plagne,31,Haute-Garonne,76,Occitanie
31423,PLAGNOLE,31370,PLAGNOLE,,43.4114527316,1.06388606316,423,,Plagnole,Plagnole,31,Haute-Garonne,76,Occitanie
31424,PLAISANCE DU TOUCH,31830,PLAISANCE DU TOUCH,,43.557591642,1.28585811821,424,,Plaisance-du-Touch,Plaisance-du-Touch,31,Haute-Garonne,76,Occitanie
31425,LE PLAN,31220,LE PLAN,,43.1672002884,1.12227665636,425,Le,Plan,Le Plan,31,Haute-Garonne,76,Occitanie
31426,POINTIS DE RIVIERE,31210,POINTIS DE RIVIERE,,43.0908571473,0.625846864385,426,,Pointis-de-Rivière,Pointis-de-Rivière,31,Haute-Garonne,76,Occitanie
31427,POINTIS INARD,31800,POINTIS INARD,,43.0835798216,0.79692777032,427,,Pointis-Inard,Pointis-Inard,31,Haute-Garonne,76,Occitanie
31428,POLASTRON,31430,POLASTRON,,43.3196170581,0.951660805068,428,,Polastron,Polastron,31,Haute-Garonne,76,Occitanie
31429,POMPERTUZAT,31450,POMPERTUZAT,,43.4942932481,1.52109130847,429,,Pompertuzat,Pompertuzat,31,Haute-Garonne,76,Occitanie
31430,PONLAT TAILLEBOURG,31210,PONLAT TAILLEBOURG,,43.1122469519,0.596250257433,430,,Ponlat-Taillebourg,Ponlat-Taillebourg,31,Haute-Garonne,76,Occitanie
31431,PORTET D ASPET,31160,PORTET D ASPET,,42.9423055988,0.855583620604,431,,Portet-d'Aspet,Portet-d'Aspet,31,Haute-Garonne,76,Occitanie
31432,PORTET DE LUCHON,31110,PORTET DE LUCHON,,42.811445173,0.47107519018,432,,Portet-de-Luchon,Portet-de-Luchon,31,Haute-Garonne,76,Occitanie
31433,PORTET SUR GARONNE,31120,PORTET SUR GARONNE,,43.529395272,1.40251955724,433,,Portet-sur-Garonne,Portet-sur-Garonne,31,Haute-Garonne,76,Occitanie
31434,POUBEAU,31110,POUBEAU,,42.8277751816,0.492783211671,434,,Poubeau,Poubeau,31,Haute-Garonne,76,Occitanie
31435,POUCHARRAMET,31370,POUCHARRAMET,,43.423058709,1.16684453964,435,,Poucharramet,Poucharramet,31,Haute-Garonne,76,Occitanie
31436,POUY DE TOUGES,31430,POUY DE TOUGES,,43.3360758375,1.04935301244,436,,Pouy-de-Touges,Pouy-de-Touges,31,Haute-Garonne,76,Occitanie
31437,POUZE,31450,POUZE,,43.4340476482,1.53418307965,437,,Pouze,Pouze,31,Haute-Garonne,76,Occitanie
31438,PRADERE LES BOURGUETS,31530,PRADERE LES BOURGUETS,,43.6467477305,1.1551746882,438,,Pradère-les-Bourguets,Pradère-les-Bourguets,31,Haute-Garonne,76,Occitanie
31439,PRESERVILLE,31570,PRESERVILLE,,43.520415718,1.63189068715,439,,Préserville,Préserville,31,Haute-Garonne,76,Occitanie
31440,PROUPIARY,31360,PROUPIARY,,43.158322646,0.867952822303,440,,Proupiary,Proupiary,31,Haute-Garonne,76,Occitanie
31441,PRUNET,31460,PRUNET,,43.572419221,1.72976428437,441,,Prunet,Prunet,31,Haute-Garonne,76,Occitanie
31442,PUYDANIEL,31190,PUYDANIEL,,43.3315793441,1.42275207158,442,,Puydaniel,Puydaniel,31,Haute-Garonne,76,Occitanie
31443,PUYMAURIN,31230,PUYMAURIN,,43.3702723747,0.752565450774,443,,Puymaurin,Puymaurin,31,Haute-Garonne,76,Occitanie
31444,PUYSSEGUR,31480,PUYSSEGUR,,43.7519671546,1.06615759128,444,,Puysségur,Puysségur,31,Haute-Garonne,76,Occitanie
31445,QUINT FONSEGRIVES,31130,QUINT FONSEGRIVES,,43.5815682751,1.54212357917,445,,Quint-Fonsegrives,Quint-Fonsegrives,31,Haute-Garonne,76,Occitanie
31446,RAMONVILLE ST AGNE,31520,RAMONVILLE ST AGNE,,43.5441837911,1.47782372823,446,,Ramonville-Saint-Agne,Ramonville-Saint-Agne,31,Haute-Garonne,76,Occitanie
31447,RAZECUEILLE,31160,RAZECUEILLE,,42.9630940421,0.81413604771,447,,Razecueillé,Razecueillé,31,Haute-Garonne,76,Occitanie
31448,REBIGUE,31320,REBIGUE,,43.4900829382,1.47765829898,448,,Rebigue,Rebigue,31,Haute-Garonne,76,Occitanie
31449,REGADES,31800,REGADES,,43.0533534739,0.717699496738,449,,Régades,Régades,31,Haute-Garonne,76,Occitanie
31450,RENNEVILLE,31290,RENNEVILLE,,43.3790411122,1.7213166535,450,,Renneville,Renneville,31,Haute-Garonne,76,Occitanie
31451,REVEL,31250,REVEL,,43.4656037799,1.99689394052,451,,Revel,Revel,31,Haute-Garonne,76,Occitanie
31452,RIEUCAZE,31800,RIEUCAZE,,43.0758069309,0.75229643929,452,,Rieucazé,Rieucazé,31,Haute-Garonne,76,Occitanie
31453,RIEUMAJOU,31290,RIEUMAJOU,,43.4120253183,1.80278732023,453,,Rieumajou,Rieumajou,31,Haute-Garonne,76,Occitanie
31454,RIEUMES,31370,RIEUMES,,43.4121701053,1.11454294712,454,,Rieumes,Rieumes,31,Haute-Garonne,76,Occitanie
31455,RIEUX VOLVESTRE,31310,RIEUX VOLVESTRE,,43.2555733864,1.20637769393,455,,Rieux-Volvestre,Rieux-Volvestre,31,Haute-Garonne,76,Occitanie
31456,RIOLAS,31230,RIOLAS,,43.3508257727,0.919273823199,456,,Riolas,Riolas,31,Haute-Garonne,76,Occitanie
31457,ROQUEFORT SUR GARONNE,31360,ROQUEFORT SUR GARONNE,,43.1598351922,0.986755873381,457,,Roquefort-sur-Garonne,Roquefort-sur-Garonne,31,Haute-Garonne,76,Occitanie
31458,ROQUES,31120,ROQUES,,43.5074145403,1.35458627554,458,,Roques,Roques,31,Haute-Garonne,76,Occitanie
31459,ROQUESERIERE,31380,ROQUESERIERE,,43.7337247412,1.63773402286,459,,Roquesérière,Roquesérière,31,Haute-Garonne,76,Occitanie
31460,ROQUETTES,31120,ROQUETTES,,43.4947364798,1.37416616378,460,,Roquettes,Roquettes,31,Haute-Garonne,76,Occitanie
31461,ROUEDE,31160,ROUEDE,,43.0564508263,0.882775908719,461,,Rouède,Rouède,31,Haute-Garonne,76,Occitanie
31462,ROUFFIAC TOLOSAN,31180,ROUFFIAC TOLOSAN,,43.6638973409,1.52541943073,462,,Rouffiac-Tolosan,Rouffiac-Tolosan,31,Haute-Garonne,76,Occitanie
31463,ROUMENS,31540,ROUMENS,,43.4646275014,1.93578142821,463,,Roumens,Roumens,31,Haute-Garonne,76,Occitanie
31464,SABONNERES,31370,SABONNERES,,43.4686663563,1.05725626778,464,,Sabonnères,Sabonnères,31,Haute-Garonne,76,Occitanie
31465,SACCOURVIELLE,31110,SACCOURVIELLE,,42.8184881907,0.568108332356,465,,Saccourvielle,Saccourvielle,31,Haute-Garonne,76,Occitanie
31466,SAIGUEDE,31470,SAIGUEDE,,43.5233769475,1.14231751485,466,,Saiguède,Saiguède,31,Haute-Garonne,76,Occitanie
31467,ST ALBAN,31140,ST ALBAN,,43.6927708878,1.41260524785,467,,Saint-Alban,Saint-Alban,31,Haute-Garonne,76,Occitanie
31468,ST ANDRE,31420,ST ANDRE,,43.2742895266,0.847168180191,468,,Saint-André,Saint-André,31,Haute-Garonne,76,Occitanie
31469,ST ARAILLE,31430,ST ARAILLE,,43.352440739,1.00393657756,469,,Saint-Araille,Saint-Araille,31,Haute-Garonne,76,Occitanie
31470,ST AVENTIN,31110,ST AVENTIN,,42.7594170368,0.576677377934,470,,Saint-Aventin,Saint-Aventin,31,Haute-Garonne,76,Occitanie
31471,ST BEAT,31440,ST BEAT,,42.9045912184,0.685235191061,471,,Saint-Béat,Saint-Béat,31,Haute-Garonne,76,Occitanie
31472,ST BERTRAND DE COMMINGES,31510,ST BERTRAND DE COMMINGES,,43.0239495224,0.552413106275,472,,Saint-Bertrand-de-Comminges,Saint-Bertrand-de-Comminges,31,Haute-Garonne,76,Occitanie
31473,ST CEZERT,31330,ST CEZERT,,43.7809324067,1.19152811145,473,,Saint-Cézert,Saint-Cézert,31,Haute-Garonne,76,Occitanie
31474,ST CHRISTAUD,31310,ST CHRISTAUD,,43.1924235552,1.12803637637,474,,Saint-Christaud,Saint-Christaud,31,Haute-Garonne,76,Occitanie
31475,ST CLAR DE RIVIERE,31600,ST CLAR DE RIVIERE,,43.4758983843,1.20896843964,475,,Saint-Clar-de-Rivière,Saint-Clar-de-Rivière,31,Haute-Garonne,76,Occitanie
31476,ST ELIX LE CHATEAU,31430,ST ELIX LE CHATEAU,,43.2818516873,1.13779524495,476,,Saint-Élix-le-Château,Saint-Élix-le-Château,31,Haute-Garonne,76,Occitanie
31477,ST ELIX SEGLAN,31420,ST ELIX SEGLAN,,43.1955942672,0.849139152455,477,,Saint-Élix-Séglan,Saint-Élix-Séglan,31,Haute-Garonne,76,Occitanie
31478,ST FELIX LAURAGAIS,31540,ST FELIX LAURAGAIS,,43.4505941916,1.90172958444,478,,Saint-Félix-Lauragais,Saint-Félix-Lauragais,31,Haute-Garonne,76,Occitanie
31479,ST FERREOL DE COMMINGES,31350,ST FERREOL DE COMMINGES,,43.3386598955,0.736025268663,479,,Saint-Ferréol-de-Comminges,Saint-Ferréol-de-Comminges,31,Haute-Garonne,76,Occitanie
31480,STE FOY D AIGREFEUILLE,31570,STE FOY D AIGREFEUILLE,,43.5509540982,1.60301367182,480,,Sainte-Foy-d'Aigrefeuille,Sainte-Foy-d'Aigrefeuille,31,Haute-Garonne,76,Occitanie
31481,STE FOY DE PEYROLIERES,31470,STE FOY DE PEYROLIERES,,43.4808986734,1.13693209455,481,,Sainte-Foy-de-Peyrolières,Sainte-Foy-de-Peyrolières,31,Haute-Garonne,76,Occitanie
31482,ST FRAJOU,31230,ST FRAJOU,,43.3310218183,0.85024475987,482,,Saint-Frajou,Saint-Frajou,31,Haute-Garonne,76,Occitanie
31483,ST GAUDENS,31800,ST GAUDENS,,43.1199260811,0.726613564199,483,,Saint-Gaudens,Saint-Gaudens,31,Haute-Garonne,76,Occitanie
31484,ST GENIES BELLEVUE,31180,ST GENIES BELLEVUE,,43.6848850771,1.48047033439,484,,Saint-Geniès-Bellevue,Saint-Geniès-Bellevue,31,Haute-Garonne,76,Occitanie
31485,ST GERMIER,31290,ST GERMIER,,43.4690645012,1.7252032772,485,,Saint-Germier,Saint-Germier,31,Haute-Garonne,76,Occitanie
31486,ST HILAIRE,31410,ST HILAIRE,,43.4206504787,1.26875220211,486,,Saint-Hilaire,Saint-Hilaire,31,Haute-Garonne,76,Occitanie
31487,ST IGNAN,31800,ST IGNAN,,43.1568513226,0.68984481098,487,,Saint-Ignan,Saint-Ignan,31,Haute-Garonne,76,Occitanie
31488,ST JEAN,31240,ST JEAN,,43.6632000218,1.50080213607,488,,Saint-Jean,Saint-Jean,31,Haute-Garonne,76,Occitanie
31489,ST JEAN LHERM,31380,ST JEAN LHERM,,43.6977269896,1.61794512613,489,,Saint-Jean-Lherm,Saint-Jean-Lherm,31,Haute-Garonne,76,Occitanie
31490,ST JORY,31790,ST JORY,,43.739344106,1.35625454624,490,,Saint-Jory,Saint-Jory,31,Haute-Garonne,76,Occitanie
31491,ST JULIA,31540,ST JULIA,,43.4940652738,1.89419935625,491,,Saint-Julia,Saint-Julia,31,Haute-Garonne,76,Occitanie
31492,ST JULIEN SUR GARONNE,31220,ST JULIEN SUR GARONNE,,43.2495379286,1.14676806452,492,,Saint-Julien-sur-Garonne,Saint-Julien-sur-Garonne,31,Haute-Garonne,76,Occitanie
31493,ST LARY BOUJEAN,31350,ST LARY BOUJEAN,,43.2218813039,0.740007283521,493,,Saint-Lary-Boujean,Saint-Lary-Boujean,31,Haute-Garonne,76,Occitanie
31494,ST LAURENT,31230,ST LAURENT,,43.3254205164,0.800339678541,494,,Saint-Laurent,Saint-Laurent,31,Haute-Garonne,76,Occitanie
31495,ST LEON,31560,ST LEON,,43.3970008535,1.56284460409,495,,Saint-Léon,Saint-Léon,31,Haute-Garonne,76,Occitanie
31496,STE LIVRADE,31530,STE LIVRADE,,43.6486109155,1.11198442378,496,,Sainte-Livrade,Sainte-Livrade,31,Haute-Garonne,76,Occitanie
31497,ST LOUP CAMMAS,31140,ST LOUP CAMMAS,,43.6978585888,1.47992781027,497,,Saint-Loup-Cammas,Saint-Loup-Cammas,31,Haute-Garonne,76,Occitanie
31498,ST LOUP EN COMMINGES,31350,ST LOUP EN COMMINGES,,43.2423391988,0.573273733666,498,,Saint-Loup-en-Comminges,Saint-Loup-en-Comminges,31,Haute-Garonne,76,Occitanie
31499,ST LYS,31470,ST LYS,,43.5100073275,1.19955711914,499,,Saint-Lys,Saint-Lys,31,Haute-Garonne,76,Occitanie
31500,ST MAMET,31110,ST MAMET,,42.7721497785,0.630003335404,500,,Saint-Mamet,Saint-Mamet,31,Haute-Garonne,76,Occitanie
31501,ST MARCEL PAULEL,31590,ST MARCEL PAULEL,,43.6566271869,1.61471686848,501,,Saint-Marcel-Paulel,Saint-Marcel-Paulel,31,Haute-Garonne,76,Occitanie
31502,ST MARCET,31800,ST MARCET,,43.1967853101,0.745570888474,502,,Saint-Marcet,Saint-Marcet,31,Haute-Garonne,76,Occitanie
31503,ST MARTORY,31360,ST MARTORY,,43.1434206034,0.936747778684,503,,Saint-Martory,Saint-Martory,31,Haute-Garonne,76,Occitanie
31504,ST MEDARD,31360,ST MEDARD,,43.1279328129,0.829383630531,504,,Saint-Médard,Saint-Médard,31,Haute-Garonne,76,Occitanie
31505,ST MICHEL,31220,ST MICHEL,,43.1590661919,1.08578310989,505,,Saint-Michel,Saint-Michel,31,Haute-Garonne,76,Occitanie
31506,ST ORENS DE GAMEVILLE,31650,ST ORENS DE GAMEVILLE,,43.5590787673,1.53513710649,506,,Saint-Orens-de-Gameville,Saint-Orens-de-Gameville,31,Haute-Garonne,76,Occitanie
31507,ST PAUL SUR SAVE,31530,ST PAUL SUR SAVE,,43.69951639,1.22058648021,507,,Saint-Paul-sur-Save,Saint-Paul-sur-Save,31,Haute-Garonne,76,Occitanie
31508,ST PAUL D OUEIL,31110,ST PAUL D OUEIL,,42.8382523889,0.555644090408,508,,Saint-Paul-d'Oueil,Saint-Paul-d'Oueil,31,Haute-Garonne,76,Occitanie
31509,ST PE D ARDET,31510,ST PE D ARDET,,42.9860697615,0.679972122876,509,,Saint-Pé-d'Ardet,Saint-Pé-d'Ardet,31,Haute-Garonne,76,Occitanie
31510,ST PE DELBOSC,31350,ST PE DELBOSC,,43.2673675811,0.694204654124,510,,Saint-Pé-Delbosc,Saint-Pé-Delbosc,31,Haute-Garonne,76,Occitanie
31511,ST PIERRE,31590,ST PIERRE,,43.6368366534,1.64168080442,511,,Saint-Pierre,Saint-Pierre,31,Haute-Garonne,76,Occitanie
31512,ST PIERRE DE LAGES,31570,ST PIERRE DE LAGES,,43.5681959478,1.62684494584,512,,Saint-Pierre-de-Lages,Saint-Pierre-de-Lages,31,Haute-Garonne,76,Occitanie
31513,ST PLANCARD,31580,ST PLANCARD,,43.1679631081,0.570009022734,513,,Saint-Plancard,Saint-Plancard,31,Haute-Garonne,76,Occitanie
31514,ST ROME,31290,ST ROME,,43.4150165631,1.67437209269,514,,Saint-Rome,Saint-Rome,31,Haute-Garonne,76,Occitanie
31515,ST RUSTICE,31620,ST RUSTICE,,43.8031334358,1.32817608757,515,,Saint-Rustice,Saint-Rustice,31,Haute-Garonne,76,Occitanie
31516,ST SAUVEUR,31790,ST SAUVEUR,,43.7513409309,1.3957911718,516,,Saint-Sauveur,Saint-Sauveur,31,Haute-Garonne,76,Occitanie
31517,ST SULPICE SUR LEZE,31410,ST SULPICE SUR LEZE,,43.3245529434,1.34127372326,517,,Saint-Sulpice-sur-Lèze,Saint-Sulpice-sur-Lèze,31,Haute-Garonne,76,Occitanie
31518,ST THOMAS,31470,ST THOMAS,,43.5147776927,1.08883796695,518,,Saint-Thomas,Saint-Thomas,31,Haute-Garonne,76,Occitanie
31519,ST VINCENT,31290,ST VINCENT,,43.440547263,1.75817528025,519,,Saint-Vincent,Saint-Vincent,31,Haute-Garonne,76,Occitanie
31520,SAJAS,31370,SAJAS,,43.3752549153,1.02521661317,520,,Sajas,Sajas,31,Haute-Garonne,76,Occitanie
31521,SALEICH,31260,SALEICH,,43.02832537,0.968226003804,521,,Saleich,Saleich,31,Haute-Garonne,76,Occitanie
31522,SALERM,31230,SALERM,,43.3071722167,0.824917497249,522,,Salerm,Salerm,31,Haute-Garonne,76,Occitanie
31523,SALIES DU SALAT,31260,SALIES DU SALAT,,43.1013456235,0.962933495319,523,,Salies-du-Salat,Salies-du-Salat,31,Haute-Garonne,76,Occitanie
31524,SALLES ET PRATVIEL,31110,SALLES ET PRATVIEL,,42.8332555084,0.606780460661,524,,Salles-et-Pratviel,Salles-et-Pratviel,31,Haute-Garonne,76,Occitanie
31525,SALLES SUR GARONNE,31390,SALLES SUR GARONNE,,43.2764220901,1.17237669844,525,,Salles-sur-Garonne,Salles-sur-Garonne,31,Haute-Garonne,76,Occitanie
31526,LA SALVETAT ST GILLES,31880,LA SALVETAT ST GILLES,,43.5754800218,1.26616319872,526,La,Salvetat-Saint-Gilles,La Salvetat-Saint-Gilles,31,Haute-Garonne,76,Occitanie
31527,LA SALVETAT LAURAGAIS,31460,LA SALVETAT LAURAGAIS,,43.547792475,1.80042409338,527,La,Salvetat-Lauragais,La Salvetat-Lauragais,31,Haute-Garonne,76,Occitanie
31528,SAMAN,31350,SAMAN,,43.2385588736,0.721968403674,528,,Saman,Saman,31,Haute-Garonne,76,Occitanie
31529,SAMOUILLAN,31420,SAMOUILLAN,,43.2672173655,0.949728378128,529,,Samouillan,Samouillan,31,Haute-Garonne,76,Occitanie
31530,SANA,31220,SANA,,43.2274229505,1.01117765255,530,,Sana,Sana,31,Haute-Garonne,76,Occitanie
31531,SARRECAVE,31350,SARRECAVE,,43.2147533166,0.594972592507,531,,Sarrecave,Sarrecave,31,Haute-Garonne,76,Occitanie
31532,SARREMEZAN,31350,SARREMEZAN,,43.2114854426,0.662154429607,532,,Sarremezan,Sarremezan,31,Haute-Garonne,76,Occitanie
31533,SAUBENS,31600,SAUBENS,,43.4793134879,1.3595994131,533,,Saubens,Saubens,31,Haute-Garonne,76,Occitanie
31534,SAUSSENS,31460,SAUSSENS,,43.590855656,1.72440998002,534,,Saussens,Saussens,31,Haute-Garonne,76,Occitanie
31535,SAUVETERRE DE COMMINGES,31510,SAUVETERRE DE COMMINGES,,43.0336613165,0.672650254321,535,,Sauveterre-de-Comminges,Sauveterre-de-Comminges,31,Haute-Garonne,76,Occitanie
31536,SAUX ET POMAREDE,31800,SAUX ET POMAREDE,,43.1487043658,0.704879959692,536,,Saux-et-Pomarède,Saux-et-Pomarède,31,Haute-Garonne,76,Occitanie
31537,SAVARTHES,31800,SAVARTHES,,43.1222207361,0.803999322883,537,,Savarthès,Savarthès,31,Haute-Garonne,76,Occitanie
31538,SAVERES,31370,SAVERES,,43.3725748924,1.10003164798,538,,Savères,Savères,31,Haute-Garonne,76,Occitanie
31539,SEDEILHAC,31580,SEDEILHAC,,43.1477203277,0.542746469406,539,,Sédeilhac,Sédeilhac,31,Haute-Garonne,76,Occitanie
31540,SEGREVILLE,31460,SEGREVILLE,,43.4914303481,1.74727223861,540,,Ségreville,Ségreville,31,Haute-Garonne,76,Occitanie
31541,SEILH,31840,SEILH,,43.6900953799,1.35675007167,541,,Seilh,Seilh,31,Haute-Garonne,76,Occitanie
31542,SEILHAN,31510,SEILHAN,,43.0527421754,0.576818914765,542,,Seilhan,Seilhan,31,Haute-Garonne,76,Occitanie
31543,SENARENS,31430,SENARENS,,43.3519005165,0.97595832154,543,,Sénarens,Sénarens,31,Haute-Garonne,76,Occitanie
31544,SENGOUAGNET,31160,SENGOUAGNET,,42.9551995435,0.784279293966,544,,Sengouagnet,Sengouagnet,31,Haute-Garonne,76,Occitanie
31545,SEPX,31360,SEPX,,43.1553410067,0.83700632268,545,,Sepx,Sepx,31,Haute-Garonne,76,Occitanie
31546,SEYRE,31560,SEYRE,,43.3641254095,1.66358744596,546,,Seyre,Seyre,31,Haute-Garonne,76,Occitanie
31547,SEYSSES,31600,SEYSSES,,43.4988915794,1.28690575634,547,,Seysses,Seysses,31,Haute-Garonne,76,Occitanie
31548,SIGNAC,31440,SIGNAC,,42.9101955817,0.617550184326,548,,Signac,Signac,31,Haute-Garonne,76,Occitanie
31549,SODE,31110,SODE,,42.8110087374,0.641959395323,549,,Sode,Sode,31,Haute-Garonne,76,Occitanie
31550,SOUEICH,31160,SOUEICH,,43.0509238346,0.782447684283,550,,Soueich,Soueich,31,Haute-Garonne,76,Occitanie
31551,TARABEL,31570,TARABEL,,43.512330223,1.67558246576,551,,Tarabel,Tarabel,31,Haute-Garonne,76,Occitanie
31552,TERREBASSE,31420,TERREBASSE,,43.2393487064,0.972479677167,552,,Terrebasse,Terrebasse,31,Haute-Garonne,76,Occitanie
31553,THIL,31530,THIL,,43.710151594,1.15302056631,553,,Thil,Thil,31,Haute-Garonne,76,Occitanie
31554,TOUILLE,31260,TOUILLE,,43.0835933902,0.981777860359,554,,Touille,Touille,31,Haute-Garonne,76,Occitanie
31555,TOULOUSE,31000,TOULOUSE,,43.5963814303,1.43167293364,555,,Toulouse,Toulouse,31,Haute-Garonne,76,Occitanie
31556,LES TOURREILLES,31210,LES TOURREILLES,,43.1120356478,0.549865240853,556,Les,Tourreilles,Les Tourreilles,31,Haute-Garonne,76,Occitanie
31557,TOURNEFEUILLE,31170,TOURNEFEUILLE,,43.5781918597,1.33500697752,557,,Tournefeuille,Tournefeuille,31,Haute-Garonne,76,Occitanie
31558,TOUTENS,31460,TOUTENS,,43.4752896942,1.74625050707,558,,Toutens,Toutens,31,Haute-Garonne,76,Occitanie
31559,TREBONS DE LUCHON,31110,TREBONS DE LUCHON,,42.8038266545,0.568978868015,559,,Trébons-de-Luchon,Trébons-de-Luchon,31,Haute-Garonne,76,Occitanie
31560,TREBONS SUR LA GRASSE,31290,TREBONS SUR LA GRASSE,,43.4488110268,1.72135340112,560,,Trébons-sur-la-Grasse,Trébons-sur-la-Grasse,31,Haute-Garonne,76,Occitanie
31561,L UNION,31240,L UNION,,43.6542470428,1.48394847329,561,L',Union,L'Union,31,Haute-Garonne,76,Occitanie
31562,URAU,31260,URAU,,43.0005006675,0.955560343394,562,,Urau,Urau,31,Haute-Garonne,76,Occitanie
31563,VACQUIERS,31340,VACQUIERS,,43.7908380932,1.48368573442,563,,Vacquiers,Vacquiers,31,Haute-Garonne,76,Occitanie
31564,VALCABRERE,31510,VALCABRERE,,43.0300305757,0.586106281253,564,,Valcabrère,Valcabrère,31,Haute-Garonne,76,Occitanie
31565,VALENTINE,31800,VALENTINE,,43.0883480821,0.701390343132,565,,Valentine,Valentine,31,Haute-Garonne,76,Occitanie
31566,VALLEGUE,31290,VALLEGUE,,43.4256721332,1.75444745111,566,,Vallègue,Vallègue,31,Haute-Garonne,76,Occitanie
31567,VALLESVILLES,31570,VALLESVILLES,,43.5947686475,1.64987135863,567,,Vallesvilles,Vallesvilles,31,Haute-Garonne,76,Occitanie
31568,VARENNES,31450,VARENNES,,43.4764363476,1.69248446049,568,,Varennes,Varennes,31,Haute-Garonne,76,Occitanie
31569,VAUDREUILLE,31250,VAUDREUILLE,,43.4249087979,2.00114634186,569,,Vaudreuille,Vaudreuille,31,Haute-Garonne,76,Occitanie
31570,VAUX,31540,VAUX,,43.460564024,1.82846809824,570,,Vaux,Vaux,31,Haute-Garonne,76,Occitanie
31571,VENDINE,31460,VENDINE,,43.5907350293,1.7654488225,571,,Vendine,Vendine,31,Haute-Garonne,76,Occitanie
31572,VENERQUE,31810,VENERQUE,,43.4337432193,1.4666400302,572,,Venerque,Venerque,31,Haute-Garonne,76,Occitanie
31573,VERFEIL,31590,VERFEIL,,43.6637744377,1.67738560148,573,,Verfeil,Verfeil,31,Haute-Garonne,76,Occitanie
31574,VERNET,31810,VERNET,,43.4279795368,1.42137431875,574,,Vernet,Vernet,31,Haute-Garonne,76,Occitanie
31575,VIEILLE TOULOUSE,31320,VIEILLE TOULOUSE,,43.5275480052,1.43833639289,575,,Vieille-Toulouse,Vieille-Toulouse,31,Haute-Garonne,76,Occitanie
31576,VIEILLEVIGNE,31290,VIEILLEVIGNE,,43.407251234,1.6591257471,576,,Vieillevigne,Vieillevigne,31,Haute-Garonne,76,Occitanie
31577,VIGNAUX,31480,VIGNAUX,,43.6872018881,1.06696295842,577,,Vignaux,Vignaux,31,Haute-Garonne,76,Occitanie
31578,VIGOULET AUZIL,31320,VIGOULET AUZIL,,43.5076843146,1.44766808387,578,,Vigoulet-Auzil,Vigoulet-Auzil,31,Haute-Garonne,76,Occitanie
31579,VILLARIES,31380,VILLARIES,,43.7508797408,1.49097697457,579,,Villariès,Villariès,31,Haute-Garonne,76,Occitanie
31580,VILLATE,31860,VILLATE,,43.46763006,1.38192246692,580,,Villate,Villate,31,Haute-Garonne,76,Occitanie
31581,VILLAUDRIC,31620,VILLAUDRIC,,43.831729686,1.43579382014,581,,Villaudric,Villaudric,31,Haute-Garonne,76,Occitanie
31582,VILLEFRANCHE DE LAURAGAIS,31290,VILLEFRANCHE DE LAURAGAIS,,43.4067792695,1.71965126707,582,,Villefranche-de-Lauragais,Villefranche-de-Lauragais,31,Haute-Garonne,76,Occitanie
31583,VILLEMATIER,31340,VILLEMATIER,,43.8287331466,1.49684943742,583,,Villematier,Villematier,31,Haute-Garonne,76,Occitanie
31584,VILLEMUR SUR TARN,31340,VILLEMUR SUR TARN,,43.8644095962,1.49043812706,584,,Villemur-sur-Tarn,Villemur-sur-Tarn,31,Haute-Garonne,76,Occitanie
31585,VILLENEUVE DE RIVIERE,31800,VILLENEUVE DE RIVIERE,,43.1223437031,0.670046646703,585,,Villeneuve-de-Rivière,Villeneuve-de-Rivière,31,Haute-Garonne,76,Occitanie
31586,VILLENEUVE LECUSSAN,31580,VILLENEUVE LECUSSAN,,43.1343250681,0.485143916946,586,,Villeneuve-Lécussan,Villeneuve-Lécussan,31,Haute-Garonne,76,Occitanie
31587,VILLENEUVE LES BOULOC,31620,VILLENEUVE LES BOULOC,,43.7737816543,1.4238362081,587,,Villeneuve-lès-Bouloc,Villeneuve-lès-Bouloc,31,Haute-Garonne,76,Occitanie
31588,VILLENEUVE TOLOSANE,31270,VILLENEUVE TOLOSANE,,43.5266707182,1.34648807644,588,,Villeneuve-Tolosane,Villeneuve-Tolosane,31,Haute-Garonne,76,Occitanie
31589,VILLENOUVELLE,31290,VILLENOUVELLE,,43.4379199394,1.66303514968,589,,Villenouvelle,Villenouvelle,31,Haute-Garonne,76,Occitanie
31590,BINOS,31440,BINOS,,42.9047176947,0.608457875606,590,,Binos,Binos,31,Haute-Garonne,76,Occitanie
31591,ESCOULIS,31260,ESCOULIS,,43.1114465225,1.03132758116,591,,Escoulis,Escoulis,31,Haute-Garonne,76,Occitanie
31592,LARRA,31330,LARRA,,43.7340725626,1.22427334755,592,,Larra,Larra,31,Haute-Garonne,76,Occitanie
31593,CAZAC,31230,CAZAC,,43.347568969,0.952593670357,593,,Cazac,Cazac,31,Haute-Garonne,76,Occitanie
